id,title,release_date,moby_score,moby_url,platforms,genres,developers,publishers
87551,Mario Kart 8 Deluxe,2017-04-28,9.01,https://www.mobygames.com/game/87551/mario-kart-8-deluxe/,Nintendo Switch,"Racing / Driving, Arcade, Motorcycle, Fantasy, Behind view, Direct control, Motion control, Automobile, Track racing",Nintendo EAD,"Shenzhen Tencent Computer System Co., Ltd., Nintendo Co., Ltd."
84595,The Legend of Zelda: Breath of the Wild,2017-03-03,9.35,https://www.mobygames.com/game/84595/the-legend-of-zelda-breath-of-the-wild/,"Wii U, Nintendo Switch","Action, Sci-fi / futuristic, Puzzle elements, Post-apocalyptic, Fantasy, Behind view, Sandbox / open world, RPG elements, Direct control, Motion control",Nintendo EPD,"Nintendo Co., Ltd."
62785,The Legend of Zelda: A Link Between Worlds,2013-11-22,8.83,https://www.mobygames.com/game/62785/the-legend-of-zelda-a-link-between-worlds/,Nintendo 3DS,"Action, Metroidvania, Puzzle elements, Fantasy, Diagonal-down, Direct control",Nintendo EAD,"Nintendo Co., Ltd."
12679,Super Mario All-Stars + Super Mario World,1994-12,8.57,https://www.mobygames.com/game/12679/super-mario-all-stars-super-mario-world/,SNES,Compilation,"Nintendo Co., Ltd.","Nintendo Co., Ltd."
96127,Super Mario Odyssey,2017-10-27,9.43,https://www.mobygames.com/game/96127/super-mario-odyssey/,Nintendo Switch,"Action, Platform, Fantasy, Behind view, Direct control",Nintendo EPD,"Nintendo Co., Ltd., Shenzhen Tencent Computer System Co., Ltd."
203119,The Legend of Zelda: Tears of the Kingdom,2023-05-12,9.32,https://www.mobygames.com/game/203119/the-legend-of-zelda-tears-of-the-kingdom/,Nintendo Switch,"Action, Puzzle elements, Fantasy, Behind view, Sandbox / open world, RPG elements, Direct control",Nintendo EPD,"Nintendo Co., Ltd."
52226,Xenoblade Chronicles,2010-06-10,8.97,https://www.mobygames.com/game/52226/xenoblade-chronicles/,"Wii, Wii U, New Nintendo 3DS","Real-time, Role-playing (RPG), Anime / Manga, Fantasy, 3rd-person (Other), Japanese-style RPG (JRPG), Sandbox / open world, Action RPG","Monolith Software, Inc.","Nintendo of America Inc., Nintendo of Europe GmbH, Nintendo Co., Ltd."
19132,Super Mario Bros. / Duck Hunt,1988-11,8.33,https://www.mobygames.com/game/19132/super-mario-bros-duck-hunt/,NES,Compilation,"Nintendo Co., Ltd.","Nintendo Co., Ltd."
6613,Super Mario All-Stars,1993-07-14,8.74,https://www.mobygames.com/game/6613/super-mario-all-stars/,"SNES, Nintendo Switch","Action, Side view, Platform, Compilation, 2D scrolling, Direct control","Nintendo Co., Ltd.","Nintendo Co., Ltd."
65975,Mario Kart 8,2014-05-29,8.62,https://www.mobygames.com/game/65975/mario-kart-8/,Wii U,"Racing / Driving, Arcade, Motorcycle, Fantasy, Behind view, Direct control, Motion control, Automobile, Track racing",Nintendo EAD,"Nintendo Co., Ltd."
6627,Super Metroid,1994-03-19,8.79,https://www.mobygames.com/game/6627/super-metroid/,"SNES, Wii, Wii U, New Nintendo 3DS, Nintendo Switch","Action, Sci-fi / futuristic, Side view, Platform, Shooter, Metroidvania, 2D scrolling","Intelligent Systems Co., Ltd., Nintendo R&D1","Nintendo Co., Ltd."
66119,Donkey Kong Country: Tropical Freeze,2014-02-21,8.47,https://www.mobygames.com/game/66119/donkey-kong-country-tropical-freeze/,"Wii U, Nintendo Switch","Action, Side view, Platform, 2D scrolling","Retro Studios Inc., Monster Games, Inc.","Nintendo Co., Ltd."
46697,Super Mario Galaxy 2,2010-05-23,9.14,https://www.mobygames.com/game/46697/super-mario-galaxy-2/,"Wii, Wii U","Action, Sci-fi / futuristic, Platform, Puzzle elements, Fantasy, 3rd-person (Other), Direct control, Motion control",Nintendo EAD,"Nintendo Co., Ltd."
7248,Yoshi's Island: Super Mario Advance 3,2002-09-20,8.69,https://www.mobygames.com/game/7248/yoshis-island-super-mario-advance-3/,"Game Boy Advance, Nintendo 3DS, Wii U","Action, Arcade, Side view, Platform, 2D scrolling",Nintendo R&D2,"Nintendo Co., Ltd."
44513,Pokémon HeartGold Version,2009-09-12,8.52,https://www.mobygames.com/game/44513/pokemon-heartgold-version/,Nintendo DS,"Role-playing (RPG), Fantasy, Turn-based, Diagonal-down, Japanese-style RPG (JRPG), Regional differences","Game Freak, Inc., Creatures, Inc.","Nintendo Co., Ltd., Nintendo of America Inc., Pokémon Company, The"
6676,EarthBound,1994-08-27,8.52,https://www.mobygames.com/game/6676/earthbound/,"SNES, Wii U, New Nintendo 3DS, Nintendo Switch","Sci-fi / futuristic, Isometric, Role-playing (RPG), Anime / Manga, Fantasy, Turn-based, Comedy, Diagonal-down, 2D scrolling, Japanese-style RPG (JRPG), Regional differences","Ape, HAL Laboratory, Inc.","Nintendo Co., Ltd."
7300,Super Mario Bros. 3,1988-10-23,8.7,https://www.mobygames.com/game/7300/super-mario-bros-3/,"NES, Wii, Nintendo 3DS, Wii U, Arcade, Nintendo Switch","Action, Side view, Platform, 2D scrolling, Direct control, Regional differences","Nintendo Co., Ltd., Nintendo R&D2, Nintendo EAD","Nintendo Co., Ltd."
29870,Mother 3,2006-04-20,8.32,https://www.mobygames.com/game/29870/mother-3/,"Game Boy Advance, Wii U","Sci-fi / futuristic, Role-playing (RPG), Turn-based, Diagonal-down, 2D scrolling, Japanese-style RPG (JRPG)","HAL Laboratory, Inc., Brownie Brown Inc.","Nintendo Co., Ltd."
6591,Super Mario World,1990-11-21,8.64,https://www.mobygames.com/game/6591/super-mario-world/,"SNES, Wii, Wii U, Arcade, New Nintendo 3DS, Nintendo Switch","Action, Side view, Platform, 2D scrolling, Direct control, Regional differences","Nintendo Co., Ltd.","Nintendo Co., Ltd."
5426,Pokémon Silver Version,1999-11-21,8.47,https://www.mobygames.com/game/5426/pokemon-silver-version/,"Game Boy Color, Nintendo 3DS","Role-playing (RPG), Fantasy, Turn-based, Diagonal-down, Japanese-style RPG (JRPG)","Nintendo Co., Ltd., Game Freak, Inc., Creatures, Inc.","Nintendo of America Inc., Nintendo Co., Ltd., Nintendo of Europe GmbH"
31282,Super Mario Galaxy,2007-11-01,9.17,https://www.mobygames.com/game/31282/super-mario-galaxy/,"Wii, Android, Wii U","Action, Sci-fi / futuristic, Platform, Puzzle elements, Fantasy, Behind view, Direct control, Motion control",Nintendo EAD,"Nintendo Co., Ltd."
62942,Super Mario 3D World,2013-11-21,9.02,https://www.mobygames.com/game/62942/super-mario-3d-world/,Wii U,"Action, Platform, 3rd-person (Other), Direct control",Nintendo EAD,"Nintendo Co., Ltd."
6776,Kirby Super Star,1996-03-21,8.23,https://www.mobygames.com/game/6776/kirby-super-star/,"SNES, Wii, Wii U, Nintendo Switch","Action, Side view, Platform, Fantasy, 2D scrolling","HAL Laboratory, Inc.","Nintendo Co., Ltd."
110476,Super Smash Bros. Ultimate,2018-12-07,8.81,https://www.mobygames.com/game/110476/super-smash-bros-ultimate/,Nintendo Switch,"Action, Side view, Fighting, 2D scrolling","BANDAI NAMCO Studios Inc., Sora Ltd.","Nintendo Co., Ltd."
51904,The Legend of Zelda: Ocarina of Time 3D,2011-06-16,9.13,https://www.mobygames.com/game/51904/the-legend-of-zelda-ocarina-of-time-3d/,Nintendo 3DS,"Action, Metroidvania, Puzzle elements, Fantasy, Behind view","Grezzo Co., Ltd., Nintendo EAD","Nintendo Co., Ltd."
5899,Super Mario World: Super Mario Advance 2,2001-12-14,8.64,https://www.mobygames.com/game/5899/super-mario-world-super-mario-advance-2/,"Game Boy Advance, Wii U","Action, Side view, Platform, Puzzle elements","Nintendo Co., Ltd., Nintendo R&D2","Nintendo Co., Ltd."
41397,Pokémon Platinum Version,2008-09-13,7.97,https://www.mobygames.com/game/41397/pokemon-platinum-version/,Nintendo DS,"Role-playing (RPG), Fantasy, Turn-based, Diagonal-down, Japanese-style RPG (JRPG)","Game Freak, Inc., Creatures, Inc.","Nintendo of Europe GmbH, Nintendo Co., Ltd., Nintendo of America Inc., Pokémon Company, The"
5575,Super Smash Bros.: Melee,2001-11-21,8.43,https://www.mobygames.com/game/5575/super-smash-bros-melee/,GameCube,"Action, Side view, Fighting, Direct control","HAL Laboratory, Inc.","Nintendo Co., Ltd."
3549,The Legend of Zelda: Ocarina of Time,1998-11-21,8.71,https://www.mobygames.com/game/3549/the-legend-of-zelda-ocarina-of-time/,"Nintendo 64, Wii, Wii U, Nintendo Switch","Action, 1st-person, Metroidvania, Puzzle elements, Fantasy, Behind view, Direct control, Medieval",Nintendo EAD,"Nintendo Co., Ltd., iQue, Ltd."
4302,Super Mario Land 2: 6 Golden Coins,1992-10-21,8.33,https://www.mobygames.com/game/4302/super-mario-land-2-6-golden-coins/,"Game Boy, Nintendo 3DS, Nintendo Switch","Action, Side view, Platform, 2D scrolling",Nintendo R&D1,"Nintendo Co., Ltd."
4268,The Legend of Zelda: Link's Awakening DX,1998-12-12,8.58,https://www.mobygames.com/game/4268/the-legend-of-zelda-links-awakening-dx/,"Game Boy Color, Nintendo 3DS, Nintendo Switch","Action, Top-down, Side view, Metroidvania, Puzzle elements, Fantasy, 2D scrolling",Nintendo EAD,"Nintendo Co., Ltd."
9101,Demon's Crest,1994-10-21,8.1,https://www.mobygames.com/game/9101/demons-crest/,"SNES, Wii U, New Nintendo 3DS, Nintendo Switch","Action, Arcade, Side view, Platform, Metroidvania, Fantasy, 2D scrolling, Direct control","Capcom Co., Ltd.","Capcom Co., Ltd., Nintendo Co., Ltd."
6602,Super Mario World 2: Yoshi's Island,1995-08-05,8.58,https://www.mobygames.com/game/6602/super-mario-world-2-yoshis-island/,"SNES, Nintendo Switch","Action, Side view, Platform, Anime / Manga, 2D scrolling","Nintendo Co., Ltd.","Nintendo Co., Ltd."
4267,The Legend of Zelda: Link's Awakening,1993-06-06,8.46,https://www.mobygames.com/game/4267/the-legend-of-zelda-links-awakening/,Game Boy,"Action, Side view, Metroidvania, Puzzle elements, Fantasy, Diagonal-down, 2D scrolling, Direct control, Regional differences",Nintendo EAD,"Nintendo Co., Ltd."
3533,Super Mario 64,1996-06-23,8.57,https://www.mobygames.com/game/3533/super-mario-64/,"Nintendo 64, Wii, Wii U, Nintendo Switch","Action, Platform, Fantasy, 3rd-person (Other), Direct control",Nintendo EAD,"iQue, Ltd., Nintendo Co., Ltd."
15199,Paper Mario: The Thousand-Year Door,2004-07-22,8.38,https://www.mobygames.com/game/15199/paper-mario-the-thousand-year-door/,GameCube,"Side view, Role-playing (RPG), Fantasy, Behind view, Japanese-style RPG (JRPG), Direct control","Intelligent Systems Co., Ltd.","Nintendo Co., Ltd."
25505,Elite Beat Agents,2006-11-08,8.62,https://www.mobygames.com/game/25505/elite-beat-agents/,Nintendo DS,"Action, Anime / Manga, Music / rhythm, 3rd-person (Other)",iNiS corporation,"Nintendo France SARL, Nintendo of Europe GmbH, Nintendo of America Inc., Nintendo Co., Ltd."
7783,Metroid Prime,2002-11-18,8.82,https://www.mobygames.com/game/7783/metroid-prime/,"GameCube, Wii","Action, 1st-person, Sci-fi / futuristic, Shooter, Metroidvania, Direct control",Retro Studios Inc.,"Nintendo Co., Ltd."
16009,The Legend of Zelda: The Minish Cap,2004-11-04,8.57,https://www.mobygames.com/game/16009/the-legend-of-zelda-the-minish-cap/,"Game Boy Advance, Nintendo 3DS, Wii U","Action, Metroidvania, Puzzle elements, Fantasy, Diagonal-down, 2D scrolling, Direct control","Capcom Co., Ltd.","Nintendo Co., Ltd."
6608,The Legend of Zelda: A Link to the Past,1991-11-21,8.49,https://www.mobygames.com/game/6608/the-legend-of-zelda-a-link-to-the-past/,"SNES, Wii, Wii U, New Nintendo 3DS, Nintendo Switch","Action, Metroidvania, Puzzle elements, Anime / Manga, Fantasy, Diagonal-down, Direct control, Regional differences",Nintendo EAD,"Nintendo Co., Ltd."
42120,Tetris,1989-11,8.25,https://www.mobygames.com/game/42120/tetris/,NES,"Action, Side view, Puzzle, Fixed / flip-screen, Falling block puzzle, Direct control","Nintendo Co., Ltd.","Nintendo of America Inc., Playtronic Industrial Ltda."
8146,Kirby's Adventure,1993-03-23,8.38,https://www.mobygames.com/game/8146/kirbys-adventure/,"NES, Wii, Nintendo 3DS, Wii U, Nintendo Switch","Action, Arcade, Side view, Platform, 2D scrolling","HAL Laboratory, Inc.","Nintendo Co., Ltd."
8073,Shinobi III: Return of the Ninja Master,1993-07-23,8.4,https://www.mobygames.com/game/8073/shinobi-iii-return-of-the-ninja-master/,"Windows, Genesis, Wii, iPhone, Nintendo 3DS, Linux, Nintendo Switch, Macintosh, Arcade","Action, Side view, Platform, 2D scrolling",Megasoft,"SEGA Games Co., Ltd., SEGA Enterprises Ltd., SEGA of America, Inc., Sega Amusements Europe Ltd, SEGA Corporation, Tec Toy Indústria de Brinquedos S.A., Nintendo Co., Ltd."
42121,Tetris,1989-06-14,8.42,https://www.mobygames.com/game/42121/tetris/,"Game Boy, Nintendo 3DS","Action, Side view, Puzzle, Fixed / flip-screen, Falling block puzzle, Direct control",Nintendo R&D1,"Playtronic Industrial Ltda., Nintendo of Europe GmbH, Nintendo of America Inc., Nintendo Co., Ltd."
4378,Super Mario Bros. Deluxe,1999-05-01,8.47,https://www.mobygames.com/game/4378/super-mario-bros-deluxe/,"Game Boy Color, Nintendo 3DS","Action, Side view, Platform, Fantasy, 2D scrolling, Direct control",Nintendo EAD,"Nintendo Co., Ltd."
12055,Pokémon Crystal Version,2000-12-14,8.08,https://www.mobygames.com/game/12055/pokemon-crystal-version/,"Game Boy Color, Nintendo 3DS","Role-playing (RPG), Fantasy, Turn-based, Diagonal-down, 2D scrolling, Japanese-style RPG (JRPG), Regional differences","Nintendo Co., Ltd., Game Freak, Inc., Creatures, Inc.","Nintendo of America Inc., Nintendo Co., Ltd."
8725,The Legend of Zelda: The Wind Waker,2002-12-13,8.66,https://www.mobygames.com/game/8725/the-legend-of-zelda-the-wind-waker/,"GameCube, Wii U","Action, 1st-person, Metroidvania, Puzzle elements, Naval / watercraft, Fantasy, Behind view, Free camera, Direct control",Nintendo EAD,"Nintendo Co., Ltd."
43659,Bayonetta,2009-10-29,8.5,https://www.mobygames.com/game/43659/bayonetta/,"Windows, Xbox 360, PlayStation 3, Wii U, PlayStation 4, Xbox One, Nintendo Switch","Action, Hack and slash, Fantasy, Behind view, Direct control, Quick Time Events (QTEs)",Platinum Games Inc.,"SEGA Europe Ltd., Nintendo Co., Ltd., Nintendo of America Inc., SEGA Corporation, SEGA of America, Inc., SEGA Games Co., Ltd."
7298,Super Mario Bros.,1985-09-13,8.3,https://www.mobygames.com/game/7298/super-mario-bros/,"Game Boy Advance, NES, Wii, Nintendo 3DS, Wii U, Arcade, Nintendo Switch","Action, Arcade, Side view, Platform, 2D scrolling, Direct control","Nintendo EAD, Nintendo Co., Ltd., Systems Research & Development Co., Ltd., Nintendo R&D4","Nintendo Co., Ltd."
6692,Super Mario RPG: Legend of the Seven Stars,1996-03-08,8.44,https://www.mobygames.com/game/6692/super-mario-rpg-legend-of-the-seven-stars/,"SNES, Wii, Wii U","Action, Isometric, Role-playing (RPG), Anime / Manga, Turn-based, Diagonal-down, Japanese-style RPG (JRPG), Regional differences","Square Co., Ltd.","Nintendo of America Inc., Nintendo Co., Ltd."
25103,The Legend of Zelda: Twilight Princess,2006-11-19,8.85,https://www.mobygames.com/game/25103/the-legend-of-zelda-twilight-princess/,"GameCube, Wii, Wii U, Android","Action, Metroidvania, Puzzle elements, Fantasy, War, Behind view, Direct control, Motion control, Medieval",Nintendo EAD,"Nintendo Co., Ltd."
3550,The Legend of Zelda: Majora's Mask,2000-04-27,8.62,https://www.mobygames.com/game/3550/the-legend-of-zelda-majoras-mask/,"Nintendo 64, Wii, Wii U, Nintendo Switch","Action, 1st-person, Metroidvania, Puzzle elements, Fantasy, Behind view, Direct control",Nintendo EAD,"Nintendo Co., Ltd."
1558,Mega Man 3,1990-09-28,8.29,https://www.mobygames.com/game/1558/mega-man-3/,"PlayStation, NES, PSP, J2ME, DoJa, PlayStation 3, Wii, iPhone, BlackBerry, Android, iPad, Nintendo 3DS, Wii U, Arcade","Action, Sci-fi / futuristic, Side view, Platform, Shooter, Anime / Manga, 2D scrolling","Capcom Co., Ltd.","Nintendo Co., Ltd., Capcom Co., Ltd., Capcom Interactive, Inc."
33378,Super Smash Bros. Brawl,2008-01-31,8.83,https://www.mobygames.com/game/33378/super-smash-bros-brawl/,Wii,"Action, Side view, Fighting","Game Arts Co., Ltd., Sora Ltd.","Nintendo Co., Ltd."
7812,Metroid Fusion,2002-11-18,8.46,https://www.mobygames.com/game/7812/metroid-fusion/,"Game Boy Advance, Nintendo 3DS, Wii U","Action, Sci-fi / futuristic, Side view, Platform, Metroidvania, 2D scrolling",Nintendo R&D1,"Nintendo Co., Ltd."
53511,Super Mario 3D Land,2011-11-03,8.75,https://www.mobygames.com/game/53511/super-mario-3d-land/,Nintendo 3DS,"Action, Side view, Platform, Fantasy, 2D scrolling, Direct control",Nintendo EAD,"Nintendo Co., Ltd."
6590,Super Mario Kart,1992-08-27,8.32,https://www.mobygames.com/game/6590/super-mario-kart/,"SNES, Wii, Wii U, New Nintendo 3DS, Nintendo Switch","Racing / Driving, Arcade, Fantasy, Behind view, Direct control, Automobile, Track racing, Regional differences",Nintendo EAD,"Nintendo Co., Ltd."
1334,Mega Man X,1993-10,8.09,https://www.mobygames.com/game/1334/mega-man-x/,"DOS, SNES, DoJa, Wii, iPhone, iPad, Wii U, New Nintendo 3DS, Browser, Android","Action, Sci-fi / futuristic, Arcade, Side view, Platform, Shooter, Anime / Manga, 2D scrolling","Capcom Co., Ltd.","Capcom Mobile, Inc., Capcom Co., Ltd., Nintendo Co., Ltd."
49878,Donkey Kong Country Returns,2010-11-21,8.35,https://www.mobygames.com/game/49878/donkey-kong-country-returns/,"Wii, Wii U","Action, Side view, Platform, 2D scrolling, Direct control, Motion control",Retro Studios Inc.,"Nintendo Co., Ltd."
11192,The Legend of Zelda: Collector's Edition,2003-11-17,8.12,https://www.mobygames.com/game/11192/the-legend-of-zelda-collectors-edition/,GameCube,"Action, Top-down, Side view, Metroidvania, Puzzle elements, Compilation, Fantasy, Behind view, RPG elements, Direct control, Medieval","Nintendo Co., Ltd., Nintendo Software Technology Corporation, SRD Co. Ltd.","Nintendo Co., Ltd."
26506,Hotel Dusk: Room 215,2007-01-22,7.75,https://www.mobygames.com/game/26506/hotel-dusk-room-215/,Nintendo DS,"Adventure, 1st-person, Top-down, Puzzle elements, Detective / mystery, 3rd-person (Other), Contemporary","CING, Inc.","Nintendo of America Inc., Nintendo of Europe GmbH, Nintendo Co., Ltd., Nintendo of Canada Ltd."
4034,Perfect Dark,2000-05-22,8.42,https://www.mobygames.com/game/4034/perfect-dark/,"Nintendo 64, Xbox 360, Xbox One, Xbox Cloud Gaming","Action, 1st-person, Sci-fi / futuristic, Shooter, Stealth, Direct control",Rare Limited,"Nintendo Co., Ltd., Microsoft Corporation, Rareware Limited"
59276,New Super Mario Bros. U,2012-11-18,8.2,https://www.mobygames.com/game/59276/new-super-mario-bros-u/,Wii U,"Action, Side view, Platform, 2D scrolling, Mini-games",Nintendo EAD,"Nintendo Co., Ltd."
15574,Metroid Prime 2: Echoes,2004-11-15,8.56,https://www.mobygames.com/game/15574/metroid-prime-2-echoes/,"GameCube, Wii","Action, 1st-person, Sci-fi / futuristic, Shooter, Metroidvania, Direct control, Motion control",Retro Studios Inc.,"Nintendo Co., Ltd."
12061,Metroid: Zero Mission,2004-02-09,8.51,https://www.mobygames.com/game/12061/metroid-zero-mission/,"Game Boy Advance, Wii U","Action, Sci-fi / futuristic, Side view, Platform, Metroidvania, 2D scrolling",Nintendo R&D1,"Nintendo Co., Ltd."
6587,Donkey Kong Country 2: Diddy's Kong Quest,1995-11-21,8.28,https://www.mobygames.com/game/6587/donkey-kong-country-2-diddys-kong-quest/,"Game Boy Advance, SNES, Wii, Wii U, New Nintendo 3DS, Nintendo Switch","Action, Side view, Platform, Fantasy, 2D scrolling, Direct control",Rare Limited,"Nintendo Co., Ltd."
42684,Mario & Luigi: Bowser's Inside Story,2009-02-11,8.57,https://www.mobygames.com/game/42684/mario-luigi-bowsers-inside-story/,Nintendo DS,"Action, Real-time, Side view, Puzzle elements, Role-playing (RPG), Comedy, Diagonal-down","AlphaDream Corporation, Ltd.","Nintendo Co., Ltd."
5588,Wario Land 4,2001-08-21,8.34,https://www.mobygames.com/game/5588/wario-land-4/,"Game Boy Advance, Nintendo 3DS, Wii U","Action, Side view, Platform, Puzzle elements, 2D scrolling",Nintendo R&D1,"Nintendo Co., Ltd."
14717,Pikmin 2,2004-04-29,8.53,https://www.mobygames.com/game/14717/pikmin-2/,"GameCube, Wii, Wii U, Nintendo Switch","Action, Strategy / tactics, Real-time, Fantasy, Puzzle, Diagonal-down, Contemporary",Nintendo EAD,"Nintendo of America Inc., Nintendo Co., Ltd."
18694,Fire Emblem: Path of Radiance,2005-04-20,8.05,https://www.mobygames.com/game/18694/fire-emblem-path-of-radiance/,GameCube,"Strategy / tactics, Role-playing (RPG), Anime / Manga, Fantasy, Turn-based, 3rd-person (Other)","Intelligent Systems Co., Ltd.","Nintendo of America Inc., Nintendo Co., Ltd., Nintendo of Europe GmbH"
46723,TwinBee,1985,7.8,https://www.mobygames.com/game/46723/twinbee/,"Game Boy Advance, NES, MSX, Wii, Nintendo 3DS, Sharp X68000, Wii U, PlayStation 4, Arcade, Windows, Xbox 360, Nintendo Switch","Action, Sci-fi / futuristic, Arcade, Top-down, Flight / aviation, Shooter, Anime / Manga, 2D scrolling","Konami Industry Co. Ltd., Konami Corporation, Konami Digital Entertainment, Inc.","HAMSTER Corporation, Nintendo Co., Ltd., Microsoft Corporation, Konami Industry Co. Ltd., Nintendo of Europe GmbH, Konami Digital Entertainment Co., Ltd., Nintendo of America Inc., Sharp Corporation"
3706,Street Fighter Alpha 2,1996-02-27,8.05,https://www.mobygames.com/game/3706/street-fighter-alpha-2/,"Windows, PlayStation, SNES, SEGA Saturn, PSP, PlayStation 3, Wii, PS Vita, Wii U, Arcade, New Nintendo 3DS","Action, Side view, Fighting, Anime / Manga, 2D scrolling, Direct control","Capcom Co., Ltd.","Nintendo Co., Ltd., Sony Computer Entertainment Inc., Capcom Co., Ltd."
10119,Super Street Fighter II,1993-09-10,7.87,https://www.mobygames.com/game/10119/super-street-fighter-ii/,"DOS, SNES, Genesis, Amiga, Wii, FM Towns, Sharp X68000, Wii U, Arcade, New Nintendo 3DS","Action, Side view, Martial arts, Fighting, 2D scrolling","Capcom Co., Ltd.","SEGA Enterprises Ltd., Capcom Co., Ltd., U.S. Gold Ltd., Nintendo Co., Ltd."
11880,Tactics Ogre: The Knight of Lodis,2001-06-21,8.27,https://www.mobygames.com/game/11880/tactics-ogre-the-knight-of-lodis/,Game Boy Advance,"Strategy / tactics, Isometric, Role-playing (RPG), Anime / Manga, Fantasy, Turn-based, Diagonal-down, Tactical RPG, Point and select",Quest Corporation,"Atlus U.S.A., Inc., Nintendo Co., Ltd."
7505,Adventures of Lolo 2,1990-01-06,7.61,https://www.mobygames.com/game/7505/adventures-of-lolo-2/,"NES, Wii, Nintendo 3DS, Wii U","Action, Puzzle, Diagonal-down, Fixed / flip-screen, Direct control","HAL Laboratory, Inc.","Nintendo Co., Ltd., Nintendo of Europe GmbH, HAL Laboratory, Inc., HAL America Inc."
3528,GoldenEye 007,1997-08-23,8.4,https://www.mobygames.com/game/3528/goldeneye-007/,"Nintendo 64, Xbox One, Nintendo Switch, Xbox Series","Action, 1st-person, Shooter, Licensed, Spy / espionage, Direct control",Rare Limited,"Rare Limited, Nintendo Co., Ltd."
3993,Banjo-Tooie,2000-11-20,8.19,https://www.mobygames.com/game/3993/banjo-tooie/,"Nintendo 64, Xbox 360, Xbox Cloud Gaming, Xbox One","Action, Platform, Metroidvania, Puzzle elements, Behind view","4J Studios Ltd., Rare Limited","Nintendo of America Inc., Microsoft Corporation, Nintendo of Europe GmbH, Nintendo Co., Ltd."
5547,Donkey Kong,1994-06-14,8.28,https://www.mobygames.com/game/5547/donkey-kong/,"Game Boy, Nintendo 3DS","Action, Arcade, Side view, Platform, Puzzle elements, Fixed / flip-screen","Pax Softnica, Nintendo EAD","Nintendo Co., Ltd."
6024,Tetris Attack,1996-08,8.17,https://www.mobygames.com/game/6024/tetris-attack/,"Game Boy, SNES, Nintendo 3DS","Action, Side view, Puzzle, Fixed / flip-screen, Falling block puzzle, Tile matching puzzle","Nintendo Co., Ltd., Intelligent Systems Co., Ltd.","Nintendo Co., Ltd."
17653,Pokémon Emerald Version,2004-09-16,7.69,https://www.mobygames.com/game/17653/pokemon-emerald-version/,Game Boy Advance,"Role-playing (RPG), Anime / Manga, Fantasy, Turn-based, Diagonal-down, Japanese-style RPG (JRPG)","Game Freak, Inc., Creatures, Inc.","Nintendo of America Inc., Pokémon Company, The, Nintendo of Europe GmbH"
6588,Donkey Kong Country 3: Dixie Kong's Double Trouble!,1996-11-01,7.99,https://www.mobygames.com/game/6588/donkey-kong-country-3-dixie-kongs-double-trouble/,"Game Boy Advance, SNES, Wii, Wii U, New Nintendo 3DS, Nintendo Switch","Action, Side view, Platform, 2D scrolling",Rare Limited,"Nintendo Co., Ltd."
10070,Disney's Chip 'n Dale: Rescue Rangers,1990-06-08,7.81,https://www.mobygames.com/game/10070/disneys-chip-n-dale-rescue-rangers/,"NES, Arcade","Action, Arcade, Side view, Platform, Licensed","Capcom Co., Ltd.","Nintendo Co., Ltd., Capcom Co., Ltd."
6599,Streets of Rage,1991-08-02,7.87,https://www.mobygames.com/game/6599/streets-of-rage/,"Windows, Genesis, Game Gear, SEGA Master System, Wii, iPhone, Nintendo 3DS, Arcade, Android, iPad, Macintosh, Linux","Action, Side view, Anime / Manga, Beat 'em up / brawler, 2D scrolling",SEGA Enterprises Ltd.,"SEGA Games Co., Ltd., SEGA Enterprises Ltd., SEGA of America, Inc., SEGA Corporation, Tec Toy Indústria de Brinquedos S.A., Nintendo Co., Ltd."
32910,Professor Layton and the Curious Village,2007-02-15,8.45,https://www.mobygames.com/game/32910/professor-layton-and-the-curious-village/,Nintendo DS,"1st-person, Detective / mystery, Puzzle, 3rd-person (Other), 2D scrolling, Fixed / flip-screen, Point and select, Europe, Steampunk, Regional differences",Level-5 Inc.,"Nintendo of America Inc., Nintendo of Europe GmbH, Nintendo Co., Ltd., Level-5 Inc."
4288,Wario Land: Super Mario Land 3,1994-01-21,8.06,https://www.mobygames.com/game/4288/wario-land-super-mario-land-3/,"Game Boy, Nintendo 3DS","Action, Arcade, Side view, Platform, 2D scrolling",Nintendo R&D1,"Nintendo Co., Ltd."
4397,Pokémon Blue Version,1998-09,8.27,https://www.mobygames.com/game/4397/pokemon-blue-version/,"Game Boy, Nintendo 3DS","Role-playing (RPG), Fantasy, Turn-based, Diagonal-down, Japanese-style RPG (JRPG)","Nintendo Co., Ltd., Game Freak, Inc., Creatures, Inc.","Nintendo of America Inc., Nintendo Co., Ltd., Nintendo of Europe GmbH"
3583,Banjo-Kazooie,1998-05-31,8.34,https://www.mobygames.com/game/3583/banjo-kazooie/,"Nintendo 64, Xbox 360, Nintendo Switch, Xbox One, Xbox Cloud Gaming","Action, Platform, Puzzle elements, Fantasy, 3rd-person (Other), Direct control","4J Studios Ltd., Rare Limited","Nintendo of America Inc., Nintendo Co., Ltd., Nintendo of Europe GmbH, Microsoft Corporation, Nintendo Australia Pty., Ltd."
44221,New Super Mario Bros. Wii,2009-11-12,8.35,https://www.mobygames.com/game/44221/new-super-mario-bros-wii/,"Wii, Android, Wii U","Action, Arcade, Side view, Platform, Fantasy, 2D scrolling, Direct control",Nintendo EAD,"Nintendo Co., Ltd."
36702,World of Goo,2008-10-06,8.5,https://www.mobygames.com/game/36702/world-of-goo/,"Linux, Windows, Macintosh, Wii, iPhone, BlackBerry, Android, iPad, Nintendo Switch, OnLive","Action, Side view, Fantasy, Puzzle, 2D scrolling, Point and select","2D Boy, LLC","Brighter Minds Media, Inc., RTL Games GmbH, Flyhigh Works Co., Ltd., Akella, 2D Boy, LLC, Microsoft Corporation, Nintendo Co., Ltd., Tomorrow Corporation, LLC, Mastertronic Group Ltd."
5498,Paper Mario,2000-08-11,8.29,https://www.mobygames.com/game/5498/paper-mario/,"Nintendo 64, Wii, Wii U, Nintendo Switch","Side view, Platform, Role-playing (RPG), Turn-based, Japanese-style RPG (JRPG)","Intelligent Systems Co., Ltd.","iQue, Ltd., Nintendo Co., Ltd."
5674,Pikmin,2001-10-26,8.16,https://www.mobygames.com/game/5674/pikmin/,"GameCube, Wii, Nintendo Switch, Wii U","Strategy / tactics, Real-time, Fantasy, Puzzle, Diagonal-down, Contemporary",Nintendo EAD,"Nintendo of America Inc., Nintendo Co., Ltd."
6579,Sonic the Hedgehog,1991-06-23,8.06,https://www.mobygames.com/game/6579/sonic-the-hedgehog/,"Linux, Windows, Game Boy Advance, Genesis, BREW, J2ME, Xbox 360, DoJa, Macintosh, iPod Classic, PlayStation 3, Wii, iPhone, BlackBerry, Android, iPad, Nintendo 3DS, Xbox One, Arcade, tvOS, Nintendo Switch","Action, Side view, Platform, Anime / Manga, 2D scrolling",Sonic Team,"SEGA of America, Inc., SEGA Enterprises Ltd., SEGA Games Co., Ltd., Tec Toy Mobile, SEGA Europe Ltd., Electronic Arts, Inc., Tec Toy Indústria de Brinquedos S.A., Nintendo Co., Ltd., Sony Computer Entertainment America Inc., SEGA Mobile, SEGA Corporation"
8460,Pokémon Sapphire Version,2002-11-21,8.04,https://www.mobygames.com/game/8460/pokemon-sapphire-version/,Game Boy Advance,"Role-playing (RPG), Fantasy, Turn-based, Diagonal-down, Japanese-style RPG (JRPG)","Creatures, Inc., Game Freak, Inc.","Nintendo of America Inc., Pokémon Company, The, Nintendo of Europe GmbH"
50753,Pokémon White Version,2010-09-18,8.33,https://www.mobygames.com/game/50753/pokemon-white-version/,Nintendo DS,"Role-playing (RPG), Fantasy, Turn-based, Diagonal-down, Japanese-style RPG (JRPG)","Game Freak, Inc.","Nintendo of Europe GmbH, Nintendo of America Inc., Pokémon Company, The"
5231,Wario Land 3,2000-03-21,8.34,https://www.mobygames.com/game/5231/wario-land-3/,"Game Boy Color, Nintendo 3DS, Nintendo Switch","Action, Side view, Platform, Metroidvania, Fantasy, 2D scrolling",Nintendo R&D1,"Nintendo Co., Ltd."
20164,Mario Kart DS,2005-11-14,8.69,https://www.mobygames.com/game/20164/mario-kart-ds/,"Nintendo DS, Wii U","Racing / Driving, Arcade, Fantasy, Behind view, Direct control, Automobile, Track racing",Nintendo EAD,"Nintendo Co., Ltd."
5199,Donkey Kong Country,1994-11-01,8.18,https://www.mobygames.com/game/5199/donkey-kong-country/,"Game Boy Color, Game Boy Advance, SNES, Wii, Wii U, New Nintendo 3DS, Nintendo Switch","Action, Side view, Platform, 2D scrolling",Rare Limited,"Nintendo Co., Ltd."
3393,The Legend of Zelda,1986-02-21,8.08,https://www.mobygames.com/game/3393/the-legend-of-zelda/,"Game Boy Advance, NES, Wii, Nintendo 3DS, Wii U, Nintendo Switch","Action, Metroidvania, Puzzle elements, Anime / Manga, Fantasy, Diagonal-down, 2D scrolling, Fixed / flip-screen, Direct control","Nintendo Co., Ltd.","Nintendo Co., Ltd."
9250,"WarioWare, Inc.: Mega Microgame$!",2003-03-21,8.43,https://www.mobygames.com/game/9250/warioware-inc-mega-microgame/,"Game Boy Advance, Wii U, Nintendo 3DS, Nintendo Switch","Action, Sports, Arcade, Top-down, Side view, Platform, Shooter, Fighting, Comedy, Mini-games",Nintendo R&D1,"Nintendo Co., Ltd."
7299,Super Mario Bros. 2,1988-10,8.08,https://www.mobygames.com/game/7299/super-mario-bros-2/,"NES, Wii, Nintendo 3DS, Wii U, Arcade, Nintendo Switch","Action, Side view, Platform, 2D scrolling, Direct control","Nintendo Co., Ltd., Nintendo EAD","Nintendo Co., Ltd."
3536,Star Fox 64,1997-04-27,8.28,https://www.mobygames.com/game/3536/star-fox-64/,"Nintendo 64, Wii, Wii U, Nintendo Switch","Action, 1st-person, Sci-fi / futuristic, Flight / aviation, Shooter, Behind view, Rail shooter, Space flight, Direct control",Nintendo EAD,"iQue, Ltd., Nintendo Co., Ltd."
53708,The Legend of Zelda: Skyward Sword,2011-11-18,8.76,https://www.mobygames.com/game/53708/the-legend-of-zelda-skyward-sword/,"Wii, Wii U, Nintendo Switch","Action, 1st-person, Metroidvania, Puzzle elements, Fantasy, Behind view, Free camera, Direct control, Motion control",Nintendo EAD,"Nintendo Co., Ltd."
21513,Chibi-Robo! Plug into Adventure!,2005-06-23,7.54,https://www.mobygames.com/game/21513/chibi-robo-plug-into-adventure/,"GameCube, Wii","Action, Platform, Stealth, Puzzle, Behind view, Direct control","Skip, Ltd.","Nintendo of Europe GmbH, Nintendo of America Inc., Nintendo Co., Ltd."
18021,WarioWare: Twisted!,2004-10-14,8.31,https://www.mobygames.com/game/18021/warioware-twisted/,Game Boy Advance,"Action, Sci-fi / futuristic, Arcade, Top-down, Side view, Flight / aviation, Platform, Shooter, Isometric, Fighting, Paddle / Pong, Music / rhythm, 3rd-person (Other)","Intelligent Systems Co., Ltd., Nintendo R&D1","Nintendo Co., Ltd."
4370,Kirby's Dream Land 2,1995-03-21,7.8,https://www.mobygames.com/game/4370/kirbys-dream-land-2/,"Game Boy, Nintendo 3DS","Action, Arcade, Side view, Platform, 2D scrolling","HAL Laboratory, Inc.","Nintendo Co., Ltd."
3541,Wave Race 64: Kawasaki Jet Ski,1996-09-27,8.33,https://www.mobygames.com/game/3541/wave-race-64-kawasaki-jet-ski/,"Nintendo 64, Wii, Wii U, Nintendo Switch","Action, Sports, Racing / Driving, 1st-person, Sailing / boating, Licensed, Behind view, Direct control",Nintendo EAD,"Nintendo of America Inc., Playtronic Industrial Ltda., Nintendo Co., Ltd., Nintendo of Europe GmbH, iQue, Ltd."
4270,The Legend of Zelda: Oracle of Ages,2001-02-27,8.48,https://www.mobygames.com/game/4270/the-legend-of-zelda-oracle-of-ages/,"Game Boy Color, Nintendo 3DS","Action, Top-down, Metroidvania, Fantasy, 2D scrolling","Capcom Co., Ltd.","Nintendo Co., Ltd."
10159,F-Zero GX,2003-07-25,8.26,https://www.mobygames.com/game/10159/f-zero-gx/,GameCube,"Action, Racing / Driving, 1st-person, Sci-fi / futuristic, Behind view, Hovercraft, Track racing","Amusement Vision, Ltd.","Nintendo of Europe GmbH, Nintendo Co., Ltd., Nintendo of America Inc."
10305,Mike Tyson's Punch-Out!!,1987-10,8.06,https://www.mobygames.com/game/10305/mike-tysons-punch-out/,"NES, Wii, Nintendo 3DS, Wii U, Arcade, Nintendo Switch","Sports, Boxing, Licensed, Diagonal-down, Fixed / flip-screen, Direct control","Nintendo Co., Ltd., Nintendo R&D3","Nintendo of America Inc., Nintendo of Europe GmbH, Nintendo Co., Ltd., Playtronic Industrial Ltda."
29958,Metroid Prime 3: Corruption,2007-08-28,8.72,https://www.mobygames.com/game/29958/metroid-prime-3-corruption/,Wii,"Action, 1st-person, Sci-fi / futuristic, Shooter, 3rd-person (Other), Motion control",Retro Studios Inc.,"Nintendo Co., Ltd."
3582,Diddy Kong Racing,1997-10-31,8.27,https://www.mobygames.com/game/3582/diddy-kong-racing/,Nintendo 64,"Racing / Driving, 1st-person, Arcade, Off-roading, Behind view, Vehicle simulator, Automobile, Track racing",Rare Limited,"Nintendo Co., Ltd., Rareware Limited"
5129,Pokémon Red Version,1998-09-30,8.18,https://www.mobygames.com/game/5129/pokemon-red-version/,"Game Boy, Nintendo 3DS","Role-playing (RPG), Fantasy, Turn-based, Diagonal-down, Japanese-style RPG (JRPG)","Nintendo Co., Ltd., Game Freak, Inc., Creatures, Inc., Contact Data Belgium N.V.","Nintendo of America Inc., Nintendo Co., Ltd., Nintendo of Europe GmbH"
3535,Mario Kart 64,1996-12-14,8.1,https://www.mobygames.com/game/3535/mario-kart-64/,"Nintendo 64, Wii, Wii U, Nintendo Switch","Racing / Driving, Arcade, Fantasy, Behind view, Direct control, Automobile, Track racing",Nintendo EAD,"Nintendo Co., Ltd., iQue, Ltd."
6630,F-Zero,1990-11-21,7.91,https://www.mobygames.com/game/6630/f-zero/,"SNES, Wii, Wii U, Arcade, New Nintendo 3DS, Nintendo Switch","Racing / Driving, Sci-fi / futuristic, Behind view, Hovercraft, Track racing","Nintendo Co., Ltd.","Nintendo of America Inc., Playtronic Industrial Ltda., Nintendo Co., Ltd., Nintendo of Europe GmbH"
5515,Pokémon Gold Version,1999-11-21,8.16,https://www.mobygames.com/game/5515/pokemon-gold-version/,"Game Boy Color, Nintendo 3DS","Role-playing (RPG), Fantasy, Turn-based, Diagonal-down, Japanese-style RPG (JRPG)","Nintendo Co., Ltd., Game Freak, Inc., Creatures, Inc.","Nintendo of America Inc., Nintendo Co., Ltd., Nintendo of Europe GmbH"
6521,Mario Party 2,1999-12-17,7.77,https://www.mobygames.com/game/6521/mario-party-2/,"Nintendo 64, Wii, Wii U","Action, Strategy / tactics, Top-down, Board game, Fantasy, Turn-based, Diagonal-down, 2D scrolling, Mini-games, Party game, Direct control","Hudson Soft Company, Ltd.","Nintendo Co., Ltd."
6730,Super Ghouls 'N Ghosts,1991-10-04,7.97,https://www.mobygames.com/game/6730/super-ghouls-n-ghosts/,"Game Boy Advance, SNES, Wii, Browser, Wii U, New Nintendo 3DS, Nintendo Switch","Action, Arcade, Side view, Platform, Fantasy, Horror, 2D scrolling, Direct control","Capcom Co., Ltd.","Nintendo Co., Ltd., Capcom Co., Ltd."
10183,SoulCalibur II,2002-07,8.45,https://www.mobygames.com/game/10183/soulcalibur-ii/,"PlayStation 2, Xbox, GameCube, Arcade","Action, Arcade, Martial arts, Fighting, 3rd-person (Other), Cinematic camera",Project Soul,"Nintendo Co., Ltd., Namco Europe Limited, Namco Limited, Namco Hometek Inc."
5053,Pokémon Yellow Version: Special Pikachu Edition,1998-09-12,7.83,https://www.mobygames.com/game/5053/pokemon-yellow-version-special-pikachu-edition/,"Game Boy, Nintendo 3DS","Role-playing (RPG), Fantasy, Turn-based, Diagonal-down, Japanese-style RPG (JRPG)","Nintendo Co., Ltd., Game Freak, Inc., Creatures, Inc.","Nintendo of America Inc., Nintendo Co., Ltd., Nintendo of Europe GmbH"
4269,The Legend of Zelda: Oracle of Seasons,2001-02-27,8.34,https://www.mobygames.com/game/4269/the-legend-of-zelda-oracle-of-seasons/,"Game Boy Color, Nintendo 3DS","Action, Metroidvania, Fantasy, Diagonal-down, 2D scrolling","Capcom Co., Ltd.","Nintendo Co., Ltd."
5228,Wario Land II,1998-03-26,8.08,https://www.mobygames.com/game/5228/wario-land-ii/,"Game Boy, Game Boy Color, Nintendo 3DS","Action, Arcade, Side view, Platform, 2D scrolling",Nintendo R&D1,"Nintendo Co., Ltd."
13986,The Legend of Zelda: Four Swords Adventures,2004-03-18,7.98,https://www.mobygames.com/game/13986/the-legend-of-zelda-four-swords-adventures/,GameCube,"Action, Arcade, Top-down, Puzzle elements, 3rd-person (Other), Regional differences",Nintendo EAD,"Nintendo Co., Ltd."
17431,Wario's Woods,1994-02-19,7.38,https://www.mobygames.com/game/17431/warios-woods/,"SNES, NES, Wii, Nintendo 3DS, Wii U, Nintendo Switch","Side view, Fantasy, Puzzle, Fixed / flip-screen, Falling block puzzle, Tile matching puzzle, Direct control","Intelligent Systems Co., Ltd.","Nintendo Co., Ltd."
3546,Super Smash Bros.,1999-01-21,7.67,https://www.mobygames.com/game/3546/super-smash-bros/,"Nintendo 64, Wii","Action, Side view, Platform, Fighting, Fantasy, 2D scrolling, Direct control","HAL Laboratory, Inc.","iQue, Ltd., Nintendo Co., Ltd."
6825,Eternal Darkness: Sanity's Requiem,2002-06-24,8.44,https://www.mobygames.com/game/6825/eternal-darkness-sanitys-requiem/,GameCube,"Action, Metroidvania, Puzzle elements, Horror, Survival horror, 3rd-person (Other), Classical antiquity, Middle East, North America","Silicon Knights, Inc.","Nintendo of America Inc., Nintendo of Europe GmbH, Nintendo Co., Ltd."
2062,Castlevania,1986-09-26,7.78,https://www.mobygames.com/game/2062/castlevania/,"DOS, Game Boy Advance, Amiga, NES, Commodore 64, J2ME, Wii, Nintendo 3DS, Wii U, PlayStation 4, Arcade, Nintendo Switch","Action, Side view, Platform, Fantasy, Horror, 2D scrolling, Regional differences",Konami Industry Co. Ltd.,"Konami, Inc., Nintendo of Europe GmbH, Konami Co., Ltd., Konami Digital Entertainment Co., Ltd., Konami Digital Entertainment, Inc., Nintendo of America Inc., Konami Digital Entertainment GmbH, Konami Industry Co. Ltd., HAMSTER Corporation, Nintendo Co., Ltd."
22341,New Super Mario Bros.,2006-05-15,8.37,https://www.mobygames.com/game/22341/new-super-mario-bros/,"Nintendo DS, Wii U","Action, Arcade, Side view, Platform, Fantasy, 2D scrolling, Mini-games, Direct control",Nintendo EAD,"Nintendo Co., Ltd."
7303,Metroid,1986-08-06,7.67,https://www.mobygames.com/game/7303/metroid/,"Game Boy Advance, NES, Wii, Nintendo 3DS, Wii U, Arcade, Nintendo Switch","Action, Sci-fi / futuristic, Side view, Platform, Shooter, Metroidvania, 2D scrolling","Nintendo R&D1, Nintendo Co., Ltd.","Nintendo Co., Ltd."
4691,Pilotwings 64,1996-06-23,8.04,https://www.mobygames.com/game/4691/pilotwings-64/,Nintendo 64,"Action, Simulation, Racing / Driving, 1st-person, Flight / aviation, Puzzle elements, Helicopter, Behind view, Vehicle simulator, Direct control","Nintendo R&D3, Paradigm Entertainment Inc.","Nintendo Co., Ltd."
6222,Breath of Fire II,1994-12-02,7.84,https://www.mobygames.com/game/6222/breath-of-fire-ii/,"Game Boy Advance, SNES, Wii, Wii U, New Nintendo 3DS, Nintendo Switch","Isometric, Role-playing (RPG), Fantasy, Turn-based, Japanese-style RPG (JRPG)","Capcom Co., Ltd.","Laguna Videospiele Vertriebs & Marketing GmbH, Capcom Co., Ltd., Ubi Soft Entertainment Software, Nintendo Co., Ltd."
33820,Mario Kart Wii,2008-04-10,8.17,https://www.mobygames.com/game/33820/mario-kart-wii/,Wii,"Racing / Driving, Arcade, Motorcycle, Fantasy, Behind view, Direct control, Motion control, Automobile, Track racing",Nintendo EAD,"Nintendo Co., Ltd."
6680,Lufia II: Rise of the Sinistrals,1995-02-24,7.96,https://www.mobygames.com/game/6680/lufia-ii-rise-of-the-sinistrals/,SNES,"Top-down, Puzzle elements, Role-playing (RPG), Anime / Manga, Turn-based, Japanese-style RPG (JRPG), Regional differences","Neverland Co., Ltd.","Taito Corporation, Natsume, Inc., Nintendo Co., Ltd."
4047,F-Zero X,1998-07-14,8.1,https://www.mobygames.com/game/4047/f-zero-x/,"Nintendo 64, Wii, Wii U, Nintendo Switch","Racing / Driving, Sci-fi / futuristic, Anime / Manga, Behind view, Hovercraft, Track racing",Nintendo EAD,"iQue, Ltd., Nintendo of America Inc., Nintendo of Europe GmbH, Nintendo Co., Ltd."
5501,Luigi's Mansion,2001-09-14,7.86,https://www.mobygames.com/game/5501/luigis-mansion/,"GameCube, Nintendo 3DS","Action, Side view, Puzzle elements, Horror, Behind view, Direct control, Regional differences",Nintendo EAD,"Nintendo Co., Ltd."
11460,Xevious,1982,7.19,https://www.mobygames.com/game/11460/xevious/,"Game Boy Advance, NES, Atari ST, SEGA Master System, Commodore 64, Apple II, Atari 7800, ZX Spectrum, Amstrad CPC, BREW, J2ME, Xbox 360, Wii, PC-88, PC-98, Nintendo 3DS, Sharp X1, FM-7, Wii U, Arcade, PC-6001, Sharp MZ-80B/2000/2500, PC-8000, Sharp Zaurus, Antstream, PlayStation 4, Nintendo Switch, Windows","Action, Sci-fi / futuristic, Arcade, Top-down, Shooter, 2D scrolling","Namco Limited, Namcot","Atari, Inc., Nintendo of America Inc., Zemina Co., HAMSTER Corporation, Nintendo of Europe GmbH, Americana Software Limited, Namco Bandai Games America Inc., Mindscape, Inc., Sharp Corporation, BANDAI NAMCO Entertainment America Inc., Bandai America, Inc., BANDAI NAMCO Entertainment Inc., Namco Bandai Games Inc., Dempa Shimbunsha, Enix Corporation, Nintendo Co., Ltd., Erbe Software, S.A., Namco Limited, Namco Mobile, Namcot, Atari Corporation, MediaKite Distribution Inc., U.S. Gold Ltd."
11122,Mario Kart: Double Dash!!,2003-11-13,7.99,https://www.mobygames.com/game/11122/mario-kart-double-dash/,GameCube,"Racing / Driving, Arcade, Off-roading, Fantasy, Behind view, Direct control, Automobile, Track racing",Nintendo EAD,"Nintendo Co., Ltd."
6638,Super Punch-Out!!,1994-10-01,7.93,https://www.mobygames.com/game/6638/super-punch-out/,"SNES, Wii, Wii U, New Nintendo 3DS, Nintendo Switch","Sports, Boxing, Behind view, Direct control",Nintendo R&D3,"Nintendo of America Inc., Nintendo of Europe GmbH, Nintendo Co., Ltd."
11200,Fire Emblem,2003-04-25,8.2,https://www.mobygames.com/game/11200/fire-emblem/,"Game Boy Advance, Wii U","Strategy / tactics, Top-down, Role-playing (RPG), Fantasy, Turn-based","Intelligent Systems Co., Ltd.","Nintendo of America Inc., Nintendo Co., Ltd., Nintendo of Europe GmbH"
27727,Pokémon Diamond Version,2006-09-28,8.04,https://www.mobygames.com/game/27727/pokemon-diamond-version/,Nintendo DS,"Role-playing (RPG), Anime / Manga, Fantasy, Turn-based, Diagonal-down, Japanese-style RPG (JRPG)","Creatures, Inc., Game Freak, Inc.","Nintendo Co., Ltd., Nintendo of Europe GmbH, Nintendo of America Inc., Pokémon Company, The"
50752,Pokémon Black Version,2010-09-18,8.52,https://www.mobygames.com/game/50752/pokemon-black-version/,Nintendo DS,"Role-playing (RPG), Fantasy, Turn-based, Diagonal-down, Japanese-style RPG (JRPG)","Game Freak, Inc.","ak tronic Software & Services GmbH, Nintendo of America Inc., Pokémon Company, The, Nintendo of Europe GmbH"
5108,Mega Man 5,1992-12-04,7.55,https://www.mobygames.com/game/5108/mega-man-5/,"PlayStation, NES, DoJa, Wii, Nintendo 3DS, Wii U, Android, PSP, iPad, PlayStation 3, iPhone, PS Vita","Action, Sci-fi / futuristic, Side view, Platform, Shooter, Anime / Manga, 2D scrolling","Capcom Co., Ltd.","Nintendo Co., Ltd., Capcom Co., Ltd."
345,Star Wars: Rogue Squadron 3D,1998-12-02,7.89,https://www.mobygames.com/game/345/star-wars-rogue-squadron-3d/,"Windows, Nintendo 64","Action, 1st-person, Sci-fi / futuristic, Shooter, Licensed, Behind view, Space flight","LucasArts Entertainment Company LLC, Factor 5 GmbH","Lucasfilm Ltd., LucasArts Entertainment Company LLC, Nintendo Co., Ltd., Nintendo of America Inc., Electronic Arts, Inc., Disney Interactive, Nintendo of Europe GmbH, Ubi Soft Entertainment Software, Gradiente Entertainment Ltda."
30522,The Legend of Zelda: Phantom Hourglass,2007-06-23,8.51,https://www.mobygames.com/game/30522/the-legend-of-zelda-phantom-hourglass/,"Nintendo DS, Wii U","Action, Metroidvania, Puzzle elements, Naval / watercraft, Fantasy, Diagonal-down, Fixed / flip-screen, Point and select",Nintendo EAD,"Nintendo Co., Ltd."
4305,Super Mario Advance,2001-03-21,7.95,https://www.mobygames.com/game/4305/super-mario-advance/,"Game Boy Advance, Wii U, Nintendo Switch","Action, Arcade, Side view",Nintendo R&D2,"Nintendo Co., Ltd."
7178,Super Mario Sunshine,2002-07-19,8.18,https://www.mobygames.com/game/7178/super-mario-sunshine/,GameCube,"Action, Platform, 3rd-person (Other), Free camera, Direct control",Nintendo EAD,"Nintendo Co., Ltd."
6585,Harvest Moon,1996-08-09,7.71,https://www.mobygames.com/game/6585/harvest-moon/,"SNES, Wii, Wii U, Nintendo Switch","Simulation, Managerial / business simulation, Anime / Manga, Diagonal-down",Amccus,"Marvelous Inc., Nintendo Australia Pty., Ltd., Pack-In-Video Co., Ltd, Nintendo of Europe GmbH, Natsume, Inc., Marvelous Entertainment Inc."
5592,Donkey Kong Land 2,1996-09,8.04,https://www.mobygames.com/game/5592/donkey-kong-land-2/,"Game Boy, Nintendo 3DS","Action, Side view, Platform, 2D scrolling, Direct control",Rare Limited,"Nintendo Co., Ltd."
11147,Crystalis,1990-04-13,7.91,https://www.mobygames.com/game/11147/crystalis/,"Game Boy Color, NES, Nintendo Switch","Action, Sci-fi / futuristic, Top-down, Role-playing (RPG), Fantasy",SNK Corporation,"Nintendo Co., Ltd., Nintendo of America Inc., SNK Corporation of America, SNK Corporation"
8459,Pokémon Ruby Version,2002-11-21,7.92,https://www.mobygames.com/game/8459/pokemon-ruby-version/,Game Boy Advance,"Role-playing (RPG), Fantasy, Turn-based, Diagonal-down, Japanese-style RPG (JRPG)","Game Freak, Inc., Creatures, Inc.","Nintendo of America Inc., Pokémon Company, The, Nintendo of Europe GmbH"
5335,Kirby's Dream Land,1992-04-27,7.61,https://www.mobygames.com/game/5335/kirbys-dream-land/,"Game Boy, Nintendo 3DS, Nintendo Switch","Action, Side view, Platform, Fantasy, 2D scrolling","HAL Laboratory, Inc.","Nintendo Co., Ltd."
21968,The Legend of Zelda: Ocarina of Time / Master Quest,2002-11-28,7.81,https://www.mobygames.com/game/21968/the-legend-of-zelda-ocarina-of-time-master-quest/,GameCube,"Action, 1st-person, Puzzle elements, Compilation, Fantasy, Behind view","Nintendo Co., Ltd.","Nintendo Co., Ltd."
17966,Fire Emblem: The Sacred Stones,2004-10-07,8.11,https://www.mobygames.com/game/17966/fire-emblem-the-sacred-stones/,"Game Boy Advance, Nintendo 3DS, Wii U","Strategy / tactics, Top-down, Role-playing (RPG), Fantasy, Turn-based","Intelligent Systems Co., Ltd.","Nintendo of America Inc., Nintendo Co., Ltd., Nintendo of Europe GmbH"
6632,Pilotwings,1990-12-21,7.78,https://www.mobygames.com/game/6632/pilotwings/,"SNES, Wii, Wii U, New Nintendo 3DS, Nintendo Switch","Action, Simulation, Flight / aviation, Behind view, Vehicle simulator","Nintendo Co., Ltd.","Nintendo Co., Ltd."
6629,Star Fox,1993-02-21,7.92,https://www.mobygames.com/game/6629/star-fox/,"SNES, Nintendo Switch","Action, Sci-fi / futuristic, Arcade, Behind view, Rail shooter, Space flight","Argonaut Software Ltd., Nintendo EAD","Nintendo Co., Ltd."
42715,Professor Layton and the Diabolical Box,2007-11-29,8.23,https://www.mobygames.com/game/42715/professor-layton-and-the-diabolical-box/,Nintendo DS,"1st-person, Real-time, Detective / mystery, Puzzle, 3rd-person (Other), 2D scrolling, Mini-games, Point and select, Europe",Level-5 Inc.,"Nintendo of America Inc., Nintendo of Europe GmbH, Nintendo Co., Ltd., Level-5 Inc."
12026,Mario & Luigi: Superstar Saga,2003-11-17,8.43,https://www.mobygames.com/game/12026/mario-luigi-superstar-saga/,"Game Boy Advance, Wii U","Action, Isometric, Puzzle elements, Role-playing (RPG), Turn-based, Japanese-style RPG (JRPG)","AlphaDream Corporation, Ltd.","Nintendo Co., Ltd."
19271,Advance Wars: Dual Strike,2005-06-23,8.69,https://www.mobygames.com/game/19271/advance-wars-dual-strike/,"Nintendo DS, Wii U","Strategy / tactics, Side view, Anime / Manga, Turn-based, Diagonal-down","Intelligent Systems Co., Ltd.","Nintendo of America Inc., Nintendo Co., Ltd., Nintendo of Europe GmbH"
4275,Super Mario Land,1989-04-21,7.7,https://www.mobygames.com/game/4275/super-mario-land/,"Game Boy, Nintendo 3DS","Action, Side view, Platform, Shooter, 2D scrolling",Nintendo R&D1,"Nintendo Co., Ltd."
31024,Super Mario 64 DS,2004-11-21,8.17,https://www.mobygames.com/game/31024/super-mario-64-ds/,"Nintendo DS, Wii U","Action, Platform, Fantasy, 3rd-person (Other), Mini-games, Point and select, Direct control",Nintendo EAD,"Nintendo Co., Ltd."
7256,Animal Crossing,2002-09-16,8.01,https://www.mobygames.com/game/7256/animal-crossing/,GameCube,"Simulation, Meditative / Zen, Persistent, Diagonal-down, Life / social simulation, Direct control, Regional differences",Nintendo EAD,"Nintendo Co., Ltd."
4941,Mario Kart: Super Circuit,2001-07-21,8.37,https://www.mobygames.com/game/4941/mario-kart-super-circuit/,"Game Boy Advance, Nintendo 3DS, Wii U","Racing / Driving, Arcade, Fantasy, Behind view, Direct control, Automobile, Track racing","Intelligent Systems Co., Ltd.","Nintendo Co., Ltd."
10019,Mario Golf: Toadstool Tour,2003-07-28,7.79,https://www.mobygames.com/game/10019/mario-golf-toadstool-tour/,GameCube,"Sports, Golf, Behind view, Direct control",Camelot Software Planning,"Nintendo Co., Ltd."
5413,Golden Sun,2001-08-01,8.12,https://www.mobygames.com/game/5413/golden-sun/,"Game Boy Advance, Wii U","Top-down, Isometric, Puzzle elements, Role-playing (RPG), Fantasy, 3rd-person (Other)",Camelot Software Planning,"Nintendo of America Inc., Nintendo Co., Ltd., Nintendo of Europe GmbH"
4515,Gargoyle's Quest,1990-05-02,7.72,https://www.mobygames.com/game/4515/gargoyles-quest/,"Game Boy, Nintendo 3DS, Nintendo Switch","Action, Top-down, Side view, Platform, Shooter, Metroidvania, Fantasy, 2D scrolling, Direct control","Capcom Co., Ltd.","Capcom Co., Ltd., Nintendo Co., Ltd."
27544,Super Paper Mario,2007-04-09,8.24,https://www.mobygames.com/game/27544/super-paper-mario/,"Wii, Wii U","Action, Sci-fi / futuristic, Side view, Platform, Puzzle elements, Fantasy, Comedy, Romance, Behind view, RPG elements, Direct control","Intelligent Systems Co., Ltd.","Nintendo Co., Ltd."
15034,Pokémon FireRed Version,2004-01-29,7.76,https://www.mobygames.com/game/15034/pokemon-firered-version/,Game Boy Advance,"Role-playing (RPG), Anime / Manga, Fantasy, Turn-based, Diagonal-down, Japanese-style RPG (JRPG)","Game Freak, Inc., Creatures, Inc.","Nintendo of America Inc., Pokémon Company, The, Nintendo of Europe GmbH"
27861,Super Mario Bros. 2,1986-06-03,7.64,https://www.mobygames.com/game/27861/super-mario-bros-2/,"Game Boy Advance, NES, Wii, Nintendo 3DS, Wii U, Nintendo Switch","Action, Side view, Platform, 2D scrolling, Direct control","Nintendo Co., Ltd., Nintendo EAD","Nintendo Co., Ltd."
848,SimCity,1989-02,7.85,https://www.mobygames.com/game/848/simcity/,"DOS, SNES, Amiga, Atari ST, Commodore 64, ZX Spectrum, Amstrad CPC, Palm OS, Symbian, Macintosh, Wii, CDTV, BBC Micro, Electron, PC-98, FM Towns, Sharp X68000, Acorn 32-bit, OS/2","Simulation, Top-down, Managerial / business simulation, Free camera, City building / construction simulation, Contemporary",Maxis Software Inc.,"Nintendo of America Inc., Playtronic Industrial Ltda., Fujitsu Limited, Atelier Software S.A., Superior Software Ltd., Brøderbund Software, Inc., Foretune Co., Ltd., Erbe Software, S.A., Enfour, Inc., Imagineer Co., Ltd., DUX Software Corporation, Infogrames Europe SA, Nintendo Co., Ltd., Nintendo of Europe GmbH, Krisalis Software Ltd., Maxis Software Inc."
44059,The Legend of Zelda: Spirit Tracks,2009-12-07,8.27,https://www.mobygames.com/game/44059/the-legend-of-zelda-spirit-tracks/,"Nintendo DS, Wii U","Action, Metroidvania, Puzzle elements, Fantasy, Train, Diagonal-down, Fixed / flip-screen, Point and select",Nintendo EAD,"Nintendo Co., Ltd."
3537,Mario Party,1998-12-18,7.64,https://www.mobygames.com/game/3537/mario-party/,Nintendo 64,"Action, Strategy / tactics, Top-down, Side view, Fishing, Board game, Boxing, Football (European) / Soccer, Fantasy, Licensed, Turn-based, Diagonal-down, 2D scrolling, Mini-games, Party game, Direct control","Hudson Soft Company, Ltd.","Nintendo Co., Ltd."
20537,Mario & Luigi: Partners in Time,2005-11-28,7.99,https://www.mobygames.com/game/20537/mario-luigi-partners-in-time/,"Nintendo DS, Wii U","Action, Isometric, Puzzle elements, Role-playing (RPG), Regional differences","AlphaDream Corporation, Ltd.","Nintendo Co., Ltd."
8085,Uniracers,1994-06-01,7.68,https://www.mobygames.com/game/8085/uniracers/,SNES,"Racing / Driving, Side view, 2D scrolling",DMA Design Limited,"Nintendo of America Inc., Nintendo Co., Ltd."
20448,Animal Crossing: Wild World,2005-11-23,8.33,https://www.mobygames.com/game/20448/animal-crossing-wild-world/,"Nintendo DS, Wii U","Simulation, Meditative / Zen, Persistent, Diagonal-down, Life / social simulation, Point and select, Direct control, Regional differences",Nintendo EAD,"Nintendo Co., Ltd."
26428,Picross DS,2007-01-25,8.07,https://www.mobygames.com/game/26428/picross-ds/,Nintendo DS,"Top-down, Puzzle, 2D scrolling, Point and select",Jupiter Corp.,"Nintendo of Europe GmbH, Nintendo Co., Ltd., Nintendo of America Inc."
5091,Mega Man 4,1991-12-06,7.6,https://www.mobygames.com/game/5091/mega-man-4/,"PlayStation, NES, PSP, DoJa, PlayStation 3, Wii, iPhone, Android, iPad, Nintendo 3DS, PS Vita, Wii U","Action, Sci-fi / futuristic, Side view, Platform, Shooter, Anime / Manga, 2D scrolling","Capcom Co., Ltd.","Nintendo Co., Ltd., Capcom Co., Ltd."
17343,Sin and Punishment,2000-11-21,7.95,https://www.mobygames.com/game/17343/sin-and-punishment/,"Nintendo 64, Wii, Wii U, Nintendo Switch","Action, Sci-fi / futuristic, Behind view, Rail shooter","Treasure Co., Ltd.","Nintendo of Europe GmbH, iQue, Ltd., Nintendo of America Inc., Nintendo Co., Ltd."
13261,Pokémon Colosseum,2003-11-21,7.34,https://www.mobygames.com/game/13261/pokemon-colosseum/,GameCube,"Role-playing (RPG), Anime / Manga, Fantasy, Turn-based, Diagonal-down, Japanese-style RPG (JRPG)","Genius Sonority, Inc.","Nintendo of America Inc., Pokémon Company, The, Nintendo of Europe GmbH"
5495,Wave Race: Blue Storm,2001-09-14,7.89,https://www.mobygames.com/game/5495/wave-race-blue-storm/,GameCube,"Racing / Driving, 1st-person, Sailing / boating, Tricks / stunts, 3rd-person (Other)",Nintendo Software Technology Corporation,"Nintendo Co., Ltd., Nintendo of Europe GmbH, Nintendo of America Inc."
7109,Mega Man: Dr. Wily's Revenge,1991-07-26,7.44,https://www.mobygames.com/game/7109/mega-man-dr-wilys-revenge/,"Game Boy, Nintendo 3DS","Action, Sci-fi / futuristic, Arcade, Side view, Platform, 2D scrolling","Minakuchi Engineering Co., Ltd.","Capcom Co., Ltd., Nintendo Co., Ltd."
41743,Wii Sports Resort,2009-06-25,8.0,https://www.mobygames.com/game/41743/wii-sports-resort/,Wii,"Action, Sports, Arcade, Flight / aviation, Basketball, Golf, Olympiad / mixed sports, Sailing / boating, Bowling, Ping pong / table tennis, Bike / bicycling, Wakeboarding, 3rd-person (Other), Motion control",Nintendo EAD,"Nintendo Co., Ltd."
138,Pac-Man,1980-05-22,7.13,https://www.mobygames.com/game/138/pac-man/,"Windows, PC Booter, Game Boy, Game Boy Advance, NES, Game Gear, Commodore 64, Atari 2600, Intellivision, Apple II, Atari 5200, Atari 8-bit, ZX Spectrum, VIC-20, TI-99/4A, Neo Geo Pocket Color, MSX, Palm OS, Xbox 360, Wii, iPhone, BlackBerry, Android, PC-88, PC-98, Windows Phone, Nintendo 3DS, Sharp X1, FM-7, Wii U, PlayStation 4, Xbox One, Arcade, PC-6001, Sharp MZ-80K/700/800/1500, Sharp MZ-80B/2000/2500, PC-8000, Sharp Zaurus, Nintendo Switch, Antstream","Action, Arcade, Fantasy, Diagonal-down, Fixed / flip-screen, Direct control","Namco Networks America Inc., Namco Limited, Namco Bandai Games Inc.","Midway Mfg. Co., Polyvox, Dempa Shimbunsha, Namco Bandai Games Inc., Micomsoft, SEGA of America, Inc., Nintendo Australia Pty., Ltd., Commodore Business Machines (UK) Ltd., ME-TA Elektronik Endüstri ve Ticaret A.Ş., Atari, Inc., MediaKite Distribution Inc., SNK Corporation of America, Namco Mobile, Atarisoft, BANDAI NAMCO Entertainment Inc., Namco Europe Limited, Commodore Japan Limited, Namco Hometek Inc., WiZ, Datasoft, Inc., Namco Networks America Inc., HAMSTER Corporation, Microbyte, SNK Corporation, Namco Bandai Games America Inc., Namco Bandai Games Europe SAS, Namcot, Thunder Mountain, Bug-Byte Software Ltd., Tengen Inc., Nintendo Co., Ltd., U.S. Gold Ltd., Gradiente Industrial S.A., BANDAI NAMCO Entertainment America Inc., Nintendo of Europe GmbH, Philips Export B.V., Namco Limited, Nintendo UK Entertainment Limited, Nintendo of America Inc., Sharp Corporation"
4599,Donkey Kong 64,1999-11-22,8.01,https://www.mobygames.com/game/4599/donkey-kong-64/,"Nintendo 64, Wii U","Action, Platform, Puzzle elements, Fantasy, Behind view",Rare Limited,"Nintendo Co., Ltd."
12246,"WarioWare, Inc.: Mega Party Game$!",2003-10-17,7.39,https://www.mobygames.com/game/12246/warioware-inc-mega-party-game/,GameCube,"Action, 1st-person, Motorcycle, Board game, Baseball, Basketball, Golf, Boxing, Skateboarding, Bowling, Snowboarding / skiing, Tricks / stunts, Mini-games","Nintendo R&D1, Intelligent Systems Co., Ltd.","Nintendo Co., Ltd."
276,Star Wars: Episode I - Racer,1999-05-18,7.63,https://www.mobygames.com/game/276/star-wars-episode-i-racer/,"Windows, Dreamcast, Nintendo 64, Macintosh, PlayStation 4, Xbox One, Nintendo Switch","Racing / Driving, Sci-fi / futuristic, Licensed, Behind view, Vehicle simulator, Hovercraft, Track racing",LucasArts Entertainment Company LLC,"Aspyr Media, Inc., Disney Interactive Studios, Inc., LucasArts Entertainment Company LLC, Lucasfilm Ltd., THQ Nordic Japan KK"
5337,Mario Party 3,2000-12-07,7.37,https://www.mobygames.com/game/5337/mario-party-3/,Nintendo 64,"Action, Strategy / tactics, Top-down, Board game, Fantasy, Turn-based, Diagonal-down, 2D scrolling, Mini-games, Party game, Direct control","Hudson Soft Company, Ltd.","Nintendo Co., Ltd."
11134,Mario Party 5,2003-11-11,6.88,https://www.mobygames.com/game/11134/mario-party-5/,GameCube,"Action, Strategy / tactics, Top-down, Board game, Fantasy, Turn-based, Diagonal-down, 2D scrolling, Mini-games, Party game, Direct control","Hudson Soft Company, Ltd.","Nintendo Co., Ltd."
14757,Pokémon LeafGreen Version,2004-01-29,7.73,https://www.mobygames.com/game/14757/pokemon-leafgreen-version/,Game Boy Advance,"Role-playing (RPG), Anime / Manga, Fantasy, Turn-based, Diagonal-down, Japanese-style RPG (JRPG)","Game Freak, Inc., Creatures, Inc.","Nintendo of America Inc., Pokémon Company, The, Nintendo of Europe GmbH"
15033,Donkey Konga,2003-12-12,7.41,https://www.mobygames.com/game/15033/donkey-konga/,GameCube,"Simulation, Side view, Music / rhythm, 2D scrolling, Mini-games, Regional differences",Namco Limited,"Nintendo Co., Ltd."
6116,Dr. Mario,1990-07-27,7.43,https://www.mobygames.com/game/6116/dr-mario/,"Game Boy, Game Boy Advance, SNES, NES, Nintendo 3DS, Wii U, Arcade, Nintendo Switch","Action, Side view, Puzzle, Fixed / flip-screen, Falling block puzzle, Tile matching puzzle, Direct control","Nintendo Co., Ltd., Nintendo R&D1","Nintendo Co., Ltd."
4401,Donkey Kong Land,1995-06,7.65,https://www.mobygames.com/game/4401/donkey-kong-land/,"Game Boy, Nintendo 3DS","Action, Side view, Platform, Puzzle elements, 2D scrolling",Rare Limited,"Nintendo Co., Ltd."
5201,Mega Man 6,1993-11-05,7.4,https://www.mobygames.com/game/5201/mega-man-6/,"PlayStation, NES, PSP, DoJa, PlayStation 3, iPhone, Android, iPad, Nintendo 3DS, PS Vita, Wii U","Action, Sci-fi / futuristic, Side view, Platform, Shooter, Anime / Manga, 2D scrolling","Capcom Co., Ltd.","Nintendo Co., Ltd., Capcom Co., Ltd."
27755,Pokémon Pearl Version,2006-09-28,8.16,https://www.mobygames.com/game/27755/pokemon-pearl-version/,Nintendo DS,"Role-playing (RPG), Anime / Manga, Fantasy, Turn-based, Diagonal-down, Japanese-style RPG (JRPG)","Game Freak, Inc., Creatures, Inc.","Nintendo France SARL, Nintendo of America Inc., Nintendo of Europe GmbH, Pokémon Company, The, Nintendo of Canada Ltd., Nintendo Co., Ltd."
51646,The Legend of Zelda: A Link to the Past/Four Swords,2002-12-02,8.0,https://www.mobygames.com/game/51646/the-legend-of-zelda-a-link-to-the-pastfour-swords/,Game Boy Advance,"Action, Metroidvania, Puzzle elements, Anime / Manga, Fantasy, Diagonal-down, 2D scrolling, Direct control","Capcom Co., Ltd.","Nintendo Co., Ltd."
20578,Kirby 64: The Crystal Shards,2000-03-24,7.38,https://www.mobygames.com/game/20578/kirby-64-the-crystal-shards/,"Nintendo 64, Wii, Wii U, Nintendo Switch","Action, Side view, Platform, Puzzle elements, Diagonal-down","HAL Laboratory, Inc.","Nintendo Co., Ltd."
6154,Battletoads / Double Dragon,1993-06,7.27,https://www.mobygames.com/game/6154/battletoads-double-dragon/,"Game Boy, SNES, Genesis, NES","Action, Sci-fi / futuristic, Arcade, Side view, Platform, Licensed, Beat 'em up / brawler, 2D scrolling",Rare Limited,"Playtronic Industrial Ltda., Nintendo Co., Ltd., Tradewest, Inc."
3589,Cruis'n World,1996-11,7.12,https://www.mobygames.com/game/3589/cruisn-world/,"Nintendo 64, Arcade","Simulation, Racing / Driving, 1st-person, Off-roading, Behind view, Automobile","Midway Games, Inc.","Nintendo of Europe GmbH, Midway Games, Inc., Nintendo of America Inc., Nintendo Co., Ltd."
21870,Tetris DS,2006-03-20,8.26,https://www.mobygames.com/game/21870/tetris-ds/,Nintendo DS,"Action, Side view, Puzzle, Fixed / flip-screen, Falling block puzzle, Direct control",Nintendo SPD,"Nintendo of Europe GmbH, Nintendo Co., Ltd., Nintendo of America Inc."
15812,Mario Party 6,2004-11-18,7.17,https://www.mobygames.com/game/15812/mario-party-6/,GameCube,"Action, Strategy / tactics, Top-down, Platform, Board game, Turn-based, Diagonal-down, 2D scrolling, Mini-games, Party game, Direct control","Hudson Soft Company, Ltd.","Nintendo Co., Ltd."
4287,Killer Instinct,1994-10,7.7,https://www.mobygames.com/game/4287/killer-instinct/,"Game Boy, SNES, Arcade, Nintendo Switch","Action, Sci-fi / futuristic, Side view, Fighting, Fantasy, 2D scrolling",Rare Limited,"Nintendo of America Inc., Nintendo Co., Ltd., Midway Manufacturing Company"
10859,Shin Megami Tensei,1992-10-30,7.45,https://www.mobygames.com/game/10859/shin-megami-tensei/,"SNES, SEGA CD, TurboGrafx CD, Wii, Wii U, Nintendo Switch","1st-person, Role-playing (RPG), Post-apocalyptic, Cyberpunk / dark sci-fi, Turn-based, Fixed / flip-screen, Direct control","Atlus Co., Ltd.","Nintendo Co., Ltd., SIMS Co., Ltd., Atlus Co., Ltd., Index Corporation"
18151,Kirby: Canvas Curse,2005-03-24,8.37,https://www.mobygames.com/game/18151/kirby-canvas-curse/,"Nintendo DS, Wii U","Action, Side view, Platform, Fantasy","HAL Laboratory, Inc.","Nintendo Co., Ltd."
4282,Metroid II: Return of Samus,1991-11,7.42,https://www.mobygames.com/game/4282/metroid-ii-return-of-samus/,"Game Boy, Nintendo 3DS, Nintendo Switch","Action, Sci-fi / futuristic, Side view, Platform, Shooter, Metroidvania, 2D scrolling",Nintendo R&D1,"Nintendo Co., Ltd."
80877,Super Mario Advance 4: Super Mario Bros. 3,2003-07-11,8.01,https://www.mobygames.com/game/80877/super-mario-advance-4-super-mario-bros-3/,"Game Boy Advance, Wii U, Nintendo Switch","Action, Side view, Platform, 2D scrolling",Nintendo R&D2,"Nintendo Co., Ltd."
15616,Mario Power Tennis,2004-10-28,7.39,https://www.mobygames.com/game/15616/mario-power-tennis/,"GameCube, Wii","Sports, Real-time, Tennis, Diagonal-down, 2D scrolling, Direct control",Camelot Software Planning,"Nintendo Co., Ltd."
4572,Final Fantasy II,1991-07-19,7.63,https://www.mobygames.com/game/4572/final-fantasy-ii/,"PlayStation, Game Boy Advance, SNES, PSP, WonderSwan Color, PlayStation 3, Wii, PS Vita, Wii U","Real-time, Role-playing (RPG), Fantasy, Turn-based, Diagonal-down, 2D scrolling, Japanese-style RPG (JRPG), Direct control, Menu structures","Square Enix Co., Ltd., Square Co., Ltd.","Square Soft, Inc., Square Enix Co., Ltd., Square Co., Ltd., Nintendo of America Inc., Sony Computer Entertainment Inc., Square Enix Co., Ltd., Nintendo Co., Ltd., Square Enix, Inc., Nintendo of Europe GmbH"
8384,1080° Snowboarding,1998-02-28,8.0,https://www.mobygames.com/game/8384/1080-snowboarding/,"Nintendo 64, Wii, Wii U, Nintendo Switch","Sports, 1st-person, Snowboarding / skiing, Behind view",Nintendo EAD,"Nintendo of Europe GmbH, Nintendo Co., Ltd., Nintendo Australia Pty., Ltd., Nintendo of America Inc."
139,Dig Dug,1982-03,7.3,https://www.mobygames.com/game/139/dig-dug/,"TI-99/4A, MSX, BREW, J2ME, Palm OS, Windows Mobile, Xbox 360, Wii, BlackBerry, PC-88, Nintendo 3DS, Casio PV-1000, FM-7, Wii U, Sord M5, PlayStation 4, Xbox One, Arcade, Windows, PC Booter, Game Boy, Game Boy Advance, NES, Commodore 64, Atari 2600, Intellivision, Apple II, Atari 5200, Atari 7800, Atari 8-bit, VIC-20, Sharp MZ-80K/700/800/1500, PC-6001, PC-8000, Sharp X1, Nintendo Switch, Antstream","Action, Arcade, Side view, Fixed / flip-screen","Namco Limited, BANDAI NAMCO Studios Inc.","BANDAI NAMCO Entertainment America Inc., INTV Corp., Atarisoft, BANDAI NAMCO Games Inc., Namco Networks America Inc., Namco Bandai Games Europe SAS, Namco Bandai Games America Inc., Casio Computer Co., Ltd., Bug-Byte Software Ltd., BANDAI NAMCO Games America Inc., Datasoft, Inc., Namco Limited, Namco Mobile, Dempa Shimbunsha, TAKARA Co., Ltd., Nintendo Co., Ltd., Karateco, HAMSTER Corporation, Thunder Mountain, Atari, Inc., BANDAI NAMCO Entertainment Inc., Atari Corporation, Namco Bandai Games Inc."
13829,Mario vs. Donkey Kong,2004-05-24,7.5,https://www.mobygames.com/game/13829/mario-vs-donkey-kong/,"Game Boy Advance, Nintendo 3DS, Wii U","Action, Arcade, Side view, Platform, Puzzle elements, Fixed / flip-screen",Nintendo Software Technology Corporation,"Nintendo Co., Ltd."
3548,Mario Tennis,2000-07-21,7.91,https://www.mobygames.com/game/3548/mario-tennis/,"Nintendo 64, Wii, Wii U, Nintendo Switch","Sports, Tennis, Diagonal-down, 2D scrolling, Direct control",Camelot Software Planning,"Nintendo Co., Ltd."
3105,Star Wars: Shadows of the Empire,1996-12-03,7.47,https://www.mobygames.com/game/3105/star-wars-shadows-of-the-empire/,"Windows, Nintendo 64","Action, Sci-fi / futuristic, Licensed, 3rd-person (Other), Behind view",LucasArts Entertainment Company LLC,"Nintendo of America Inc., Playtronic Industrial Ltda., Disney Interactive Studios, Inc., LucasArts Entertainment Company LLC, Nintendo Co., Ltd., Nintendo of Europe GmbH, Funsoft GmbH"
10741,Final Fantasy: Crystal Chronicles,2003-08-08,7.54,https://www.mobygames.com/game/10741/final-fantasy-crystal-chronicles/,GameCube,"Action, Role-playing (RPG), Fantasy, Diagonal-down","Game Designers Studio, The","Nintendo of America Inc., Nintendo of Europe GmbH, Nintendo Co., Ltd."
7290,Star Fox Adventures,2002-09-24,7.61,https://www.mobygames.com/game/7290/star-fox-adventures/,GameCube,"Action, Sci-fi / futuristic, 3rd-person (Other)",Rare Limited,"Nintendo Co., Ltd."
4707,Pokémon Trading Card Game,1998-12-18,7.45,https://www.mobygames.com/game/4707/pokemon-trading-card-game/,"Game Boy Color, Nintendo 3DS","Strategy / tactics, Top-down, Role-playing (RPG), Turn-based, Diagonal-down, Trading / collectible card","Hudson Soft Company, Ltd., Creatures, Inc.","Nintendo of America Inc., Nintendo Co., Ltd., Nintendo of Europe GmbH"
3476,QIX,1981,7.18,https://www.mobygames.com/game/3476/qix/,"DOS, Game Boy, Lynx, Amiga, NES, Commodore 64, Apple II, Atari 5200, Atari 8-bit, Apple IIgs, Commodore 128, J2ME, Nintendo 3DS, Arcade, DoJa, Nintendo Switch, FM-7, PlayStation 4","Action, Arcade, Top-down, Puzzle, Fixed / flip-screen, Direct control",Threshold Research,"HAMSTER Corporation, Atari, Inc., Taito Corporation, TAKARA Co., Ltd., Taito Software Inc., Taito America Corporation, Nintendo of America Inc., Telegames, Inc., Nintendo of Europe GmbH, Nintendo Co., Ltd."
19445,Trace Memory,2005-02-24,7.35,https://www.mobygames.com/game/19445/trace-memory/,Nintendo DS,"Adventure, 1st-person, Top-down, Puzzle elements, 3rd-person (Other), Contemporary","CING, Inc.","Nintendo of America Inc., Nintendo of Europe GmbH, Nintendo Co., Ltd."
1434,Space Harrier,1985,7.07,https://www.mobygames.com/game/1434/space-harrier/,"DOS, Amiga, SEGA 32X, NES, SEGA Saturn, Atari ST, Game Gear, SEGA Master System, Commodore 64, TurboGrafx-16, ZX Spectrum, Amstrad CPC, Wii, PC-88, Nintendo 3DS, Sharp X68000, Sharp X1, FM-7, Arcade, PC-6001, Nintendo Switch","Action, Sci-fi / futuristic, Arcade, Shooter, Behind view, Direct control",AM R&D Dept. #2,"Micomsoft, SEGA Games Co., Ltd., TAKARA Co., Ltd., Dempa Shimbunsha, Nintendo Co., Ltd., SEGA Corporation, NEC Avenue, Ltd., SEGA Enterprises Ltd., NEC Technologies, Inc., Elite Systems Ltd."
3623,Blast Corps,1997-03-21,7.98,https://www.mobygames.com/game/3623/blast-corps/,"Nintendo 64, Nintendo Switch","Action, Racing / Driving, Puzzle elements, 3rd-person (Other)",Rare Limited,"Nintendo of America Inc., Nintendo Co., Ltd., Nintendo of Europe GmbH"
8962,Golden Sun: The Lost Age,2002-06-28,8.15,https://www.mobygames.com/game/8962/golden-sun-the-lost-age/,"Game Boy Advance, Wii U","Puzzle elements, Role-playing (RPG), Fantasy",Camelot Software Planning,"Nintendo of America Inc., Nintendo Co., Ltd., Nintendo of Europe GmbH"
14676,Stunt Race FX,1994-06-04,7.3,https://www.mobygames.com/game/14676/stunt-race-fx/,"SNES, Nintendo Switch","Racing / Driving, 1st-person, Arcade, Behind view, Vehicle simulator, Automobile, Track racing",Nintendo EAD,"Nintendo of America Inc., Playtronic Industrial Ltda., Nintendo Co., Ltd."
16475,WarioWare: Touched!,2004-12-02,7.61,https://www.mobygames.com/game/16475/warioware-touched/,"Nintendo DS, Wii U, Nintendo 3DS","Action, Sports, Racing / Driving, Arcade, Top-down, Side view, Fishing, Platform, Isometric, Boxing, Anime / Manga, Sailing / boating, Paddle / Pong, Horse / derby, Snowboarding / skiing, Tricks / stunts, Regional differences","Intelligent Systems Co., Ltd., Nintendo R&D1","Nintendo Co., Ltd."
6595,Mario Paint,1992-07-14,7.29,https://www.mobygames.com/game/6595/mario-paint/,SNES,"Educational, Music, Graphics / art","Nintendo Co., Ltd.","Nintendo Co., Ltd."
3792,Jet Force Gemini,1999-10-12,7.66,https://www.mobygames.com/game/3792/jet-force-gemini/,"Nintendo 64, Nintendo Switch","Action, Sci-fi / futuristic, Flight / aviation, Shooter, Behind view",Rare Limited,Rareware Limited
25969,WarioWare: Smooth Moves,2006-12-02,7.85,https://www.mobygames.com/game/25969/warioware-smooth-moves/,"Wii, Wii U","Action, Sports, Racing / Driving, 1st-person, Board game, Bowling, Tricks / stunts, Music / rhythm","Intelligent Systems Co., Ltd., Nintendo SPD","Nintendo Co., Ltd."
25122,Excite Truck,2006-11-19,7.46,https://www.mobygames.com/game/25122/excite-truck/,Wii,"Racing / Driving, Arcade, Off-roading, Tricks / stunts, 3rd-person (Other), Behind view, Vehicle simulator, Automobile, Track racing","Monster Games, Inc.","Nintendo of America Inc., Nintendo of Europe GmbH, Nintendo of Canada Ltd., Nintendo Co., Ltd."
7777,Mario Party 4,2002-10-21,7.15,https://www.mobygames.com/game/7777/mario-party-4/,GameCube,"Action, Strategy / tactics, Top-down, Board game, Fantasy, Turn-based, Diagonal-down, 2D scrolling, Mini-games, Party game, Direct control","Hudson Soft Company, Ltd.","Nintendo Co., Ltd."
17644,Star Fox Assault,2005-02-14,7.04,https://www.mobygames.com/game/17644/star-fox-assault/,GameCube,"Action, Sci-fi / futuristic, Flight / aviation, Shooter, Tank, Behind view, Space flight",Namco Limited,"Nintendo Co., Ltd."
6525,Pokémon Stadium,1999-04-30,7.26,https://www.mobygames.com/game/6525/pokemon-stadium/,Nintendo 64,"Role-playing (RPG), Fantasy, Turn-based, 3rd-person (Other)","HAL Laboratory, Inc., Nintendo EAD","Nintendo of America Inc., Nintendo Co., Ltd., Nintendo of Europe GmbH"
4398,Yoshi's Cookie,1992-11-21,7.14,https://www.mobygames.com/game/4398/yoshis-cookie/,"Game Boy, SNES, NES, Wii","Real-time, Turn-based, Puzzle, Fixed / flip-screen, Falling block puzzle, Tile matching puzzle, Point and select","Tose Co., Ltd.","Bullet-Proof Software, Inc., Nintendo Co., Ltd."
25099,Wii Sports,2006-11-19,7.34,https://www.mobygames.com/game/25099/wii-sports/,Wii,"Sports, Arcade, Baseball, Golf, Boxing, Tennis, Bowling, Behind view, Motion control",Nintendo EAD,"Nintendo Co., Ltd."
3540,Yoshi's Story,1997-12-21,7.44,https://www.mobygames.com/game/3540/yoshis-story/,"Nintendo 64, Wii, Wii U, Nintendo Switch","Action, Side view, Platform, 2D scrolling","Nintendo Co., Ltd.","Nintendo Co., Ltd., iQue, Ltd."
8391,Balloon Fight,1985-01-22,6.92,https://www.mobygames.com/game/8391/balloon-fight/,"Game Boy Advance, NES, Wii, PC-88, Nintendo 3DS, Sharp X1, Wii U, Arcade, Sharp MZ-80B/2000/2500, PC-8000, Sharp Zaurus, Nintendo Switch","Action, Arcade, Side view, Platform, 2D scrolling","Nintendo Co., Ltd.","Hudson Soft Company, Ltd., Nintendo of Europe GmbH, Sharp Corporation, Nintendo of America Inc., Nintendo Co., Ltd."
5601,Breath of Fire,1993-04-03,7.23,https://www.mobygames.com/game/5601/breath-of-fire/,"Game Boy Advance, SNES, Browser, Wii U, New Nintendo 3DS, Nintendo Switch","Top-down, Role-playing (RPG), Anime / Manga, Fantasy, Turn-based, Japanese-style RPG (JRPG)","Capcom Co., Ltd.","Ubi Soft Entertainment Software, Nintendo Co., Ltd., Square Soft, Inc., Capcom Co., Ltd."
3538,Mario Golf,1999-06-11,7.75,https://www.mobygames.com/game/3538/mario-golf/,"Nintendo 64, Wii, Wii U, Nintendo Switch","Sports, Golf, Math / logic, Licensed, Behind view",Camelot Software Planning,"Nintendo Co., Ltd."
10072,Kid Icarus,1986-12-19,7.15,https://www.mobygames.com/game/10072/kid-icarus/,"Game Boy Advance, NES, Wii, Nintendo 3DS, Wii U, Arcade, Nintendo Switch","Action, Side view, Platform, Anime / Manga, 2D scrolling","Nintendo R&D1, Tose Co., Ltd.","Nintendo of America Inc., Nintendo of Europe GmbH, Nintendo Co., Ltd."
7301,Mario Bros.,1983-03,6.94,https://www.mobygames.com/game/7301/mario-bros/,"Game Boy Advance, NES, Commodore 64, Atari 2600, Atari 5200, Atari 7800, Atari 8-bit, ZX Spectrum, Amstrad CPC, Wii, Nintendo 3DS, Wii U, Arcade, PC-8000, Nintendo Switch","Action, Arcade, Side view, Platform, Fixed / flip-screen","Nintendo Co., Ltd.","Atari, Inc., Nintendo of Europe GmbH, Atari Corporation, Ocean Software Ltd., Westside Soft House, Nintendo of America Inc., HAMSTER Corporation, Nintendo Co., Ltd."
9577,Wario World,2003-06-20,6.94,https://www.mobygames.com/game/9577/wario-world/,GameCube,"Action, Platform, Diagonal-down, Regional differences","Treasure Co., Ltd.","Nintendo Co., Ltd."
8609,Rygar,1987-04-17,7.2,https://www.mobygames.com/game/8609/rygar/,"NES, Arcade, Nintendo Switch","Action, Side view, Platform, Metroidvania, Fantasy, Diagonal-down, 2D scrolling, RPG elements, Regional differences","Tecmo, Ltd., Tecmo, Inc.","Tecmo, Ltd., Tecmo, Inc., Nintendo of America Inc., Koei Tecmo Games Co., Ltd."
6677,Ecco the Dolphin,1992-12,7.22,https://www.mobygames.com/game/6677/ecco-the-dolphin/,"Windows, Windows 3.x, Genesis, SEGA CD, Game Gear, SEGA Master System, Xbox 360, Wii, iPhone, Nintendo 3DS, Linux, Macintosh, Nintendo Switch","Action, Side view, Puzzle elements, 2D scrolling","Novotrade Software Kft., Novotrade International, Inc.","SEGA Games Co., Ltd., SEGA Enterprises Ltd., SEGA of America, Inc., SEGA Corporation, Tec Toy Indústria de Brinquedos S.A., Nintendo Co., Ltd."
7469,Excitebike,1984-11-30,6.95,https://www.mobygames.com/game/7469/excitebike/,"Game Boy Advance, NES, Wii, Nintendo 3DS, Wii U, Arcade, Nintendo Switch, Sharp X1, PC-88","Sports, Racing / Driving, Side view, Motorcycle, Tricks / stunts, 2D scrolling",Nintendo R&D1,"HAMSTER Corporation, Hudson Soft Company, Ltd., Nintendo Co., Ltd., Nintendo of Europe GmbH, Nintendo of America Inc."
6133,Killer Instinct Gold,1996-11,7.36,https://www.mobygames.com/game/6133/killer-instinct-gold/,Nintendo 64,"Action, Side view, Fighting, Fantasy, 2D scrolling",Rare Limited,"Nintendo Co., Ltd."
19631,Mappy,1983-03,6.7,https://www.mobygames.com/game/19631/mappy/,"Game Boy Advance, NES, Game Gear, MSX, Palm OS, Windows Mobile, Wii, PC-88, Arcade, Nintendo Switch, Sharp MZ-80K/700/800/1500, Sharp MZ-80B/2000/2500, PC-6001, Nintendo 3DS, Epoch Super Cassette Vision, Sharp X1, Windows, PC-8000, PlayStation 4, Sord M5, FM-7, Wii U","Action, Arcade, Side view, Platform, 2D scrolling",Namco Limited,"Dempa Shimbunsha, Namco Bandai Games Inc., Bally Midway Mfg Co., Namco Mobile, TAKARA Co., Ltd., HAMSTER Corporation, Namco Bandai Games America Inc., Namcot, Epoch Co., Ltd., Bug-Byte Software Ltd., Nintendo Co., Ltd., Philips Export B.V., Namco Limited"
7223,Blades of Steel,1987-10,7.13,https://www.mobygames.com/game/7223/blades-of-steel/,"DOS, Windows, Game Boy, Amiga, NES, Commodore 64, Xbox 360, Wii, Arcade","Sports, Hockey, Diagonal-down, Direct control","Konami Industry Co. Ltd., Konami Co., Ltd.","Konami, Inc., Konami Digital Entertainment, Inc., Ultra Software Corporation, Konami Co., Ltd., Palcom Software Ltd., Konami GmbH, Konami Deutschland GmbH, Nintendo of Europe GmbH, Konami Digital Entertainment GmbH, Microsoft Corporation, Nintendo Co., Ltd."
7547,Ice Hockey,1988-01-21,7.02,https://www.mobygames.com/game/7547/ice-hockey/,"NES, Wii, Wii U, Nintendo Switch","Action, Sports, Top-down, Hockey","Nintendo R&D3, Nintendo EAD, Pax Softnica","Nintendo of America Inc., Nintendo of Europe GmbH, Nintendo Co., Ltd."
7296,Zelda II: The Adventure of Link,1987-01-14,7.16,https://www.mobygames.com/game/7296/zelda-ii-the-adventure-of-link/,"Game Boy Advance, NES, Wii, Nintendo 3DS, Wii U, Nintendo Switch","Action, Top-down, Side view, Metroidvania, Puzzle elements, Fantasy, 2D scrolling, Direct control","Nintendo Co., Ltd.","Nintendo Co., Ltd."
14681,Nigel Mansell's World Championship Racing,1992,6.94,https://www.mobygames.com/game/14681/nigel-mansells-world-championship-racing/,"DOS, Game Boy, SNES, Genesis, Amiga, NES, Atari ST, ZX Spectrum, Amiga CD32, Amstrad CPC","Simulation, Racing / Driving, 1st-person, Licensed, Vehicle simulator, Automobile, Track racing, Africa, Asia, Contemporary, Europe, North America, Oceania, South America, Japan (Modern/Futuristic)",Gremlin Graphics Software Limited,"Nissho Iwai Infocom Systems Co., Ltd., Gremlin Interactive Limited, Nintendo Co., Ltd., Nintendo Australia Pty., Ltd., Konami Corporation, Nintendo of Europe GmbH, GameTek, Inc., Gremlin Graphics Software Limited"
582,Ghosts 'N Goblins,1985-09,7.03,https://www.mobygames.com/game/582/ghosts-n-goblins/,"DOS, Game Boy Color, Game Boy Advance, Amiga, NES, Atari ST, Commodore 64, ZX Spectrum, Amstrad CPC, BREW, Windows Mobile, Xbox 360, DoJa, PlayStation 3, Wii, PC-88, Commodore 16, Plus/4, Wii U, Arcade, iPad, Android, Nintendo 3DS, iPhone, Browser, FM-7, Nintendo Switch","Action, Side view, Platform, Shooter, Fantasy, 2D scrolling, Direct control","Capcom Co., Ltd.","Capcom Co., Ltd., Elite Systems Ltd., ASCII Corporation, Nintendo Co., Ltd., Taito America Corporation"
14989,Ping Pong,1985,7.07,https://www.mobygames.com/game/14989/ping-pong/,"Windows, NES, Commodore 64, ZX Spectrum, MSX, Amstrad CPC, Xbox 360, Wii, Wii U, Arcade, Nintendo Switch","Sports, Ping pong / table tennis, Diagonal-down",Konami Industry Co. Ltd.,"Microsoft Corporation, Konami Industry Co. Ltd., Ocean Software Ltd., Konami Digital Entertainment Co., Ltd., Nintendo Co., Ltd., Imagine, Imagine Software Ltd."
574,Donkey Kong,1981-08,6.77,https://www.mobygames.com/game/574/donkey-kong/,"PC Booter, Game Boy Advance, NES, Commodore 64, Atari 2600, ColecoVision, Intellivision, Apple II, Atari 7800, Atari 8-bit, ZX Spectrum, VIC-20, TI-99/4A, MSX, Amstrad CPC, Wii, Nintendo 3DS, Wii U, Arcade, Coleco Adam, Nintendo Switch, Dedicated handheld","Action, Arcade, Side view, Platform, Fixed / flip-screen, Direct control","Nintendo R&D1, Nintendo Co., Ltd.","Erbe Software, S.A., Atari, Inc., Atari Corporation, Ocean Software Ltd., HAMSTER Corporation, Coleco Industries, Inc., Nintendo Co., Ltd., CBS Electronics, Karateco, Nintendo of America Inc."
79246,Pokémon GO,2016-03-29,6.93,https://www.mobygames.com/game/79246/pokemon-go/,"iPhone, Android, iPad","1st-person, Role-playing (RPG), Anime / Manga, Fantasy, Licensed, Persistent, Diagonal-down, Massively Multiplayer, Augmented reality","Niantic, Inc., Nintendo Co., Ltd., Pokémon Company, The","Niantic, Inc."
19275,Nintendogs: Lab & Friends,2005-04-21,7.73,https://www.mobygames.com/game/19275/nintendogs-lab-friends/,Nintendo DS,"Simulation, Real-time, Meditative / Zen, Persistent, 3rd-person (Other), Point and select",Nintendo EAD,"Nintendo Co., Ltd."
4533,F-Zero: Maximum Velocity,2001-03-21,7.57,https://www.mobygames.com/game/4533/f-zero-maximum-velocity/,"Game Boy Advance, Nintendo 3DS, Wii U, Nintendo Switch","Racing / Driving, Sci-fi / futuristic, Behind view, Hovercraft, Track racing","NDCube Co., Ltd., Nintendo R&D1","Nintendo Co., Ltd., Nintendo of Europe GmbH, Nintendo of America Inc."
3343,Super Hang-On,1987,7.3,https://www.mobygames.com/game/3343/super-hang-on/,"DOS, Genesis, Amiga, Atari ST, Commodore 64, ZX Spectrum, Amstrad CPC, Macintosh, PlayStation 3, Wii, Nintendo 3DS, Sharp X68000, Arcade","Racing / Driving, Arcade, Motorcycle, Behind view, Africa, Asia, Europe, North America","SEGA-AM2 Co., LTD.","SEGA of America, Inc., Ocean Software Ltd., Nintendo Co., Ltd., SEGA Enterprises Ltd., SEGA Europe Ltd., Data East USA, Inc., Sharp Corporation, Tec Toy Indústria de Brinquedos S.A., SEGA Corporation, Electric Dreams Software"
21787,Metroid Prime: Hunters,2006-03-20,8.09,https://www.mobygames.com/game/21787/metroid-prime-hunters/,"Nintendo DS, Wii U","Action, 1st-person, Sci-fi / futuristic, Shooter, Puzzle elements",Nintendo Software Technology Corporation,"Nintendo Co., Ltd."
10806,Bomberman,1985-12-20,6.47,https://www.mobygames.com/game/10806/bomberman/,"Game Boy Advance, NES, MSX, Palm OS","Action, Sci-fi / futuristic, Arcade, Top-down, Fixed / flip-screen, Direct control","Hudson Soft Company, Ltd.","Nintendo of Europe GmbH, Nintendo Co., Ltd., Nintendo of America Inc., Hudson Soft Company, Ltd., Hudson Soft USA, Inc."
4681,Pokémon Snap,1999-03-21,7.16,https://www.mobygames.com/game/4681/pokemon-snap/,"Nintendo 64, Wii, Wii U, Nintendo Switch","Simulation, 1st-person, Real-time, Anime / Manga, Fantasy, Rail shooter, Direct control","HAL Laboratory, Inc., Nintendo Co., Ltd.","Nintendo of America Inc., Nintendo of Europe GmbH, Nintendo Co., Ltd."
56651,Kirby: Nightmare in Dreamland,2002-10-25,7.23,https://www.mobygames.com/game/56651/kirby-nightmare-in-dreamland/,"Game Boy Advance, Wii U","Action, Arcade, Side view, Platform, 2D scrolling","HAL Laboratory, Inc.","Nintendo Co., Ltd."
7302,Donkey Kong Junior,1982-08,6.74,https://www.mobygames.com/game/7302/donkey-kong-junior/,"Game Boy Advance, NES, Atari 2600, ColecoVision, Intellivision, Atari 7800, Atari 8-bit, Wii, Nintendo 3DS, Wii U, Arcade, Coleco Adam, Nintendo Switch","Action, Arcade, Side view, Platform, Fixed / flip-screen","Nintendo R&D1, Nintendo Co., Ltd.","Coleco Industries, Inc., HAMSTER Corporation, Atari, Inc., Nintendo Co., Ltd., CBS Electronics, Atari Corporation"
7312,VS. Duck Hunt,1984-04-21,6.47,https://www.mobygames.com/game/7312/vs-duck-hunt/,"NES, Wii U, Arcade","Action, Sports, 1st-person, Arcade, Shooter, Hunting",Nintendo R&D1,"Nintendo Co., Ltd."
7187,Trojan,1986-04,6.77,https://www.mobygames.com/game/7187/trojan/,"DOS, NES, Xbox 360, PlayStation 3, Wii U, Arcade","Action, Side view, Post-apocalyptic, 2D scrolling","Capcom Co., Ltd.","Capcom Co., Ltd., Nintendo Co., Ltd."
4279,Tennis,1984-01-14,6.67,https://www.mobygames.com/game/4279/tennis/,"Game Boy, Game Boy Advance, NES, Wii, PC-88, Nintendo 3DS, Sharp X1, Wii U, Arcade, Sharp MZ-80K/700/800/1500, PC-8000, Nintendo Switch","Sports, Tennis, Diagonal-down, Fixed / flip-screen","Nintendo Co., Ltd., Intelligent Systems Co., Ltd., Nintendo R&D1","Nintendo of America Inc., Hudson Soft Company, Ltd., Nintendo Co., Ltd., Nintendo of Europe GmbH, HAMSTER Corporation"
48102,Metroid: Other M,2010-08-31,7.1,https://www.mobygames.com/game/48102/metroid-other-m/,"Wii, Wii U","Action, 1st-person, Sci-fi / futuristic, Side view, Shooter, Metroidvania, 2D scrolling","Team Ninja, Nintendo SPD","Nintendo Co., Ltd."
21821,Brain Age: Train Your Brain in Minutes a Day!,2005-05-19,7.44,https://www.mobygames.com/game/21821/brain-age-train-your-brain-in-minutes-a-day/,"Nintendo DS, Wii U","Top-down, Mental training, Puzzle",Nintendo SDD,"Nintendo of Canada Ltd., Nintendo Co., Ltd., Nintendo of America Inc., Nintendo of Europe GmbH"
9378,Popeye,1982-11,6.82,https://www.mobygames.com/game/9378/popeye/,"NES, Commodore 64, Atari 2600, ColecoVision, Intellivision, Atari 5200, Atari 8-bit, TI-99/4A, Arcade","Action, Arcade, Side view, Platform, Licensed, Fixed / flip-screen","Nintendo Co., Ltd.","Nintendo of America Inc., Nintendo Co., Ltd., Parker Brothers"
4280,Alleyway,1989-04-21,5.82,https://www.mobygames.com/game/4280/alleyway/,"Game Boy, Nintendo 3DS","Action, Arcade, Paddle / Pong","Intelligent Systems Co., Ltd., Nintendo R&D1","Nintendo Co., Ltd."
6628,Adventure Island,1986-09-12,6.51,https://www.mobygames.com/game/6628/adventure-island/,"Game Boy Advance, NES, MSX, J2ME, DoJa, Wii, Wii U","Action, Arcade, Side view, Platform, 2D scrolling, Oceania","Hudson Soft Company, Ltd.","Nintendo Co., Ltd., Hudson Soft Company, Ltd., Hudson Entertainment, Inc., Hudson Soft Europe GmbH, Hudson Soft USA, Inc., Konami Digital Entertainment, Inc."
17303,Yoshi Touch & Go,2005-01-27,6.93,https://www.mobygames.com/game/17303/yoshi-touch-go/,"Nintendo DS, Wii U","Action, Side view, Platform","Nintendo Co., Ltd.","Nintendo Co., Ltd."
28637,Mario Party 8,2007-05-29,6.63,https://www.mobygames.com/game/28637/mario-party-8/,Wii,"Action, Strategy / tactics, 1st-person, Board game, Fantasy, 3rd-person (Other), Diagonal-down, Mini-games, Party game, Direct control","Hudson Soft Company, Ltd.","Nintendo Co., Ltd."
7949,1942,1984-12,6.37,https://www.mobygames.com/game/7949/1942/,"Windows, Game Boy Color, NES, Commodore 64, ZX Spectrum, MSX, Amstrad CPC, BREW, J2ME, Windows Mobile, Xbox 360, PlayStation 3, Wii, iPhone, Android, PC-88, iPad, Sharp X1, FM-7, Arcade","Action, Arcade, Top-down, Shooter, 2D scrolling, World War II","Capcom Co., Ltd.","ASCII Corporation, Williams Electronics Games, Inc., Zafiro, Zemina Co., Nintendo Co., Ltd., Living Mobile GmbH, Capcom Co., Ltd., Elite Systems Ltd."
8176,Pinball,1984-02-02,6.24,https://www.mobygames.com/game/8176/pinball/,"Game Boy Advance, NES, Wii, Wii U, Arcade, Nintendo Switch","Action, Pinball","Nintendo Co., Ltd.","HAMSTER Corporation, Nintendo Co., Ltd."
5833,The Amazing Spider-Man,1990-07,6.48,https://www.mobygames.com/game/5833/the-amazing-spider-man/,Game Boy,"Action, Side view, Licensed, 2D scrolling",Rare Limited,"LJN, Ltd., Nintendo Co., Ltd."
3587,Cruis'n USA,1994-11,5.93,https://www.mobygames.com/game/3587/cruisn-usa/,"Nintendo 64, Wii, Arcade","Action, Racing / Driving, 1st-person, Behind view, Automobile, Street racing","Midway Manufacturing Company, Midway Games, Inc.","Nintendo of America Inc., Playtronic Industrial Ltda., Nintendo Co., Ltd., Nintendo of Europe GmbH, Midway Manufacturing Company"
7338,Donkey Kong 3,1983-10,5.84,https://www.mobygames.com/game/7338/donkey-kong-3/,"Game Boy Advance, NES, Wii, Arcade, Nintendo Switch, Wii U, Nintendo 3DS","Action, Arcade, Side view, Platform, Fixed / flip-screen","Nintendo R&D1, Nintendo Co., Ltd.","HAMSTER Corporation, Nintendo Co., Ltd."
7511,Kung-Fu Master,1984,6.32,https://www.mobygames.com/game/7511/kung-fu-master/,"NES, Commodore 64, Atari 2600, Apple II, Atari 7800, ZX Spectrum, Amstrad CPC, Arcade, Antstream, Blacknut, MSX","Action, Side view, Martial arts, Beat 'em up / brawler, 2D scrolling, Direct control",Irem Corp.,"U.S. Gold Ltd., Home Entertainment Suppliers Pty. Ltd., Americana Software Limited, ASCII Corporation, Nintendo of America Inc., Irem Corp., Absolute Entertainment, Inc., DotEmu SAS, Philips Ibérica S.A.E., Activision Publishing, Inc., Data East USA, Inc., Playtronic Industrial Ltda., Nintendo Co., Ltd., Irem Software Engineering, Inc."
8057,Pro Wrestling,1986-10-21,6.58,https://www.mobygames.com/game/8057/pro-wrestling/,"NES, Arcade, Nintendo Switch","Sports, Wrestling, Diagonal-down, 2D scrolling","TRY Co., Ltd.","Nintendo Co., Ltd., Nintendo of America Inc."
12036,Wild Gunman,1984-02-18,5.9,https://www.mobygames.com/game/12036/wild-gunman/,"NES, Arcade, Wii U","Action, 1st-person, Arcade, Shooter, Western","Nintendo R&D1, Nintendo Co., Ltd., Intelligent Systems Co., Ltd.","Nintendo Co., Ltd."
10128,Battletoads in Battlemaniacs,1993-06,6.46,https://www.mobygames.com/game/10128/battletoads-in-battlemaniacs/,"SNES, SEGA Master System, Nintendo Switch","Action, Arcade, Side view, Platform, Beat 'em up / brawler, 2D scrolling",Rare Limited,"Playtronic Industrial Ltda., NCS Corporation, Nintendo Co., Ltd., Tec Toy Indústria de Brinquedos S.A., Tradewest, Inc., Nintendo of America Inc."
7681,Wrecking Crew,1985-06-18,6.4,https://www.mobygames.com/game/7681/wrecking-crew/,"Game Boy Advance, NES, Wii, Wii U, Arcade, Nintendo Switch, Nintendo 3DS","Action, Arcade, Platform, Puzzle elements","Nintendo R&D1, Nintendo Co., Ltd.","HAMSTER Corporation, Nintendo Co., Ltd."
8055,Hogan's Alley,1984-06-12,6.09,https://www.mobygames.com/game/8055/hogans-alley/,"NES, Arcade, Wii U","Action, 1st-person, Shooter, Crime","Nintendo R&D1, Intelligent Systems Co., Ltd.","Nintendo Co., Ltd."
8544,Ice Climber,1984,6.27,https://www.mobygames.com/game/8544/ice-climber/,"Game Boy Advance, NES, Wii, PC-88, Nintendo 3DS, Sharp X1, Wii U, Arcade, Nintendo Switch","Action, Arcade, Side view, Platform, Regional differences","Nintendo Co., Ltd.","HAMSTER Corporation, Hudson Soft Company, Ltd., Nintendo Co., Ltd."
52051,Yie Ar Kung-Fu,1985-04-22,6.39,https://www.mobygames.com/game/52051/yie-ar-kung-fu/,"NES, MSX, Wii, Wii U, Nintendo Switch, Nintendo 3DS","Action, Side view, Martial arts, Fighting, Fixed / flip-screen",Konami Industry Co. Ltd.,"Konami Industry Co. Ltd., Konami Digital Entertainment Co., Ltd., Casio Computer Co., Ltd., Konami UK Ltd."
25416,Wii Play,2006-12-02,6.01,https://www.mobygames.com/game/25416/wii-play/,Wii,"Action, Sports, 1st-person, Arcade, Top-down, Fishing, Pool / snooker, Ping pong / table tennis, Behind view, Mini-games",Nintendo EAD,"Nintendo Co., Ltd."
4402,Yoshi,1991-12-14,6.24,https://www.mobygames.com/game/4402/yoshi/,"Game Boy, NES, Wii, Nintendo 3DS, Wii U, Nintendo Switch","Real-time, Puzzle, Falling block puzzle","Nintendo Co., Ltd., Game Freak, Inc.","Nintendo Co., Ltd."
7316,Golf,1984-05-01,6.0,https://www.mobygames.com/game/7316/golf/,"Game Boy, Game Boy Advance, NES, PC-88, Nintendo 3DS, Sharp X1, Wii U, Arcade, PC-8000, Nintendo Switch","Sports, Top-down, Golf, Behind view","Nintendo Co., Ltd., Intelligent Systems Co., Ltd.","Nintendo of America Inc., Hudson Soft Company, Ltd., Nintendo Co., Ltd., Nintendo of Europe GmbH, HAMSTER Corporation"
8624,Soccer,1985-04-09,5.48,https://www.mobygames.com/game/8624/soccer/,"NES, Wii, Wii U, Arcade, Nintendo Switch","Sports, Football (European) / Soccer, Diagonal-down, 2D scrolling, Direct control","Intelligent Systems Co., Ltd., Iwasaki Electronics Co. Ltd.","Nintendo of America Inc., HAMSTER Corporation, Nintendo of Europe GmbH, Nintendo Co., Ltd."
12035,Urban Champion,1984-11-14,4.6,https://www.mobygames.com/game/12035/urban-champion/,"Game Boy Advance, NES, Wii, Nintendo 3DS, Wii U, Arcade, Nintendo Switch","Action, Arcade, Side view, Fighting",Nintendo R&D1,"Nintendo of America Inc., HAMSTER Corporation, Nintendo Co., Ltd., Nintendo Leisure System, Nintendo of Europe GmbH"
23025,Galaxy Force II,1988,5.45,https://www.mobygames.com/game/23025/galaxy-force-ii/,"Windows, Genesis, Amiga, SEGA Saturn, Atari ST, Commodore 64, ZX Spectrum, Amstrad CPC, Wii, Nintendo 3DS, FM Towns, Arcade, Macintosh, Linux","Action, Sci-fi / futuristic, Arcade, Shooter, Behind view","Sega R&D1, AM R&D Dept. #2","SEGA of America, Inc., SEGA Enterprises Ltd., SEGA Games Co., Ltd., Ocean Software Ltd., CSK Research Institute Corp., Nintendo Co., Ltd., Mediagenic, SEGA Corporation"
4516,Baseball,1983-12-07,4.78,https://www.mobygames.com/game/4516/baseball/,"Game Boy, Game Boy Advance, NES, Wii, Nintendo 3DS, Wii U, Arcade, Nintendo Switch","Sports, Baseball, Diagonal-down",Nintendo R&D1,"Nintendo of America Inc., Nintendo Co., Ltd., Nintendo of Europe GmbH, HAMSTER Corporation, Nintendo of Canada Ltd."
7106,Mario is Missing!,1992,5.76,https://www.mobygames.com/game/7106/mario-is-missing/,"DOS, SNES, NES, Macintosh","Educational, Side view, Geography","Software Toolworks, Inc., The, Radical Entertainment Inc.","Software Toolworks, Inc., The"
